Unique ID,Email,Date Taken (America/New_York),Time Taken (America/New_York),Title,SwitchCareers,Salary,Industry,ProgrammingLanguage,SalarySatisfaction,WorkLifeBalance,Gender,Age,Country
62a33b3db4da29969c62df3d,anonymous,6/10/2022,8:38,Data Analyst,Yes,106k-125k,Healthcare,Python,9,9,Male,26,United States
62a33ba1bae91e4b8b82e35c,anonymous,6/10/2022,8:40,Data Analyst,No,41k-65k,Finance,R,1,2,Male,36,Canada
62a33c2cbc6861bf3176bec1,anonymous,6/10/2022,8:42,Data Engineer,No,0-40k,Other (Please Specify):Clean Energy,Python,0,8,Male,23,Other (Please Specify):Nigeria
62a33c8624a26260273822f9,anonymous,6/10/2022,8:43,Other (Please Specify):Analytics Consultant ,Yes,150k-225k,Finance,R,10,6,Female,35,Canada
62a33c91f3072dd892621e03,anonymous,6/10/2022,8:44,Data Analyst,Yes,41k-65k,Healthcare,R,1,4,Male,44,United States
62a33cb6cf25554317300177,anonymous,6/10/2022,8:44,Data Analyst,Yes,0-40k,Other (Please Specify):Coworking space ,Python,2,3,Male,33,Other (Please Specify):Republic democratic of Congo 
62a33cb72e54c9003e531c65,anonymous,6/10/2022,8:44,Data Scientist,Yes,0-40k,Finance,Python,0,6,Male,24,Other (Please Specify)
62a33cd30f8c8599d5af0f8f,anonymous,6/10/2022,8:45,Data Engineer,Yes,125k-150k,Other (Please Specify):Retail,Other:SQL,10,5,Male,35,United States
62a33cd3cf255543173001d9,anonymous,6/10/2022,8:45,Data Analyst,Yes,86k-105k,Healthcare,R,4,4,Male,35,United States
62a33cd8bc6861bf3176c05f,anonymous,6/10/2022,8:45,Data Analyst,Yes,41k-65k,Telecommunication,Python,2,0,Male,28,United States
62a33ce918134ddc75ce8c30,anonymous,6/10/2022,8:45,Data Analyst,Yes,66k-85k,Other (Please Specify):Logistics,Python,10,10,Male,37,Canada
62a33cf30a77c1a77f65baa2,anonymous,6/10/2022,8:45,Data Analyst,Yes,0-40k,Other (Please Specify):Igaming,Python,3,8,Male,32,Other (Please Specify):Serbia
62a33d15f408bae018ed370d,anonymous,6/10/2022,8:46,Data Analyst,Yes,0-40k,Tech,R,1,10,Male,34,Other (Please Specify):Argentina
62a33d1ebae91e4b8b82e707,anonymous,6/10/2022,8:46,Data Scientist,Yes,0-40k,Education,Python,3,10,Male,30,United Kingdom
62a33d4624a26260273824c4,anonymous,6/10/2022,8:47,Data Analyst,No,41k-65k,Construction,R,4,5,Male,31,United States
62a33d5c0f8c8599d5af107c,anonymous,6/10/2022,8:47,Data Analyst,Yes,41k-65k,Finance,Python,4,10,Male,29,United States
62a33d850f8c8599d5af10cb,anonymous,6/10/2022,8:48,Data Analyst,Yes,0-40k,Tech,Python,1,2,Male,22,Other (Please Specify):Niger
62a33d9bf8f7561645852496,anonymous,6/10/2022,8:48,Student/Looking/None,Yes,0-40k,Other (Please Specify):Retail,Python,1,3,Male,23,United States
62a33dbdd8c00e9f5419cd65,anonymous,6/10/2022,8:49,Student/Looking/None,No,41k-65k,Tech,R,7,8,Female,26,Canada
62a33de124a26260273826b2,anonymous,6/10/2022,8:49,Data Analyst,No,0-40k,Other (Please Specify):Aviation,Python,1,1,Male,28,Other (Please Specify):Nigeria
62a33dedd8c00e9f5419ce2b,anonymous,6/10/2022,8:49,Data Analyst,Yes,41k-65k,Finance,Python,5,5,Male,29,Other (Please Specify):Kenya
62a33dfbd8c00e9f5419ceda,anonymous,6/10/2022,8:50,Data Analyst,Yes,106k-125k,Tech,Other:Mostly use sql but that’s not programming language..,10,5,Female,31,United States
62a33e38f3072dd8926221d3,anonymous,6/10/2022,8:51,Data Analyst,Yes,0-40k,Healthcare,Python,5,6,Male,28,Other (Please Specify):Azerbaijan
62a33e54d8c00e9f5419cfe9,anonymous,6/10/2022,8:51,Data Analyst,No,0-40k,Finance,Python,4,4,Male,32,Other (Please Specify):Argentina
62a33e62575fa3a5ae88aabf,anonymous,6/10/2022,8:51,Data Analyst,No,0-40k,Tech,Python,7,8,Male,24,Other (Please Specify):Sudan
62a33e63cec54911e9ca4f99,anonymous,6/10/2022,8:51,Data Analyst,No,0-40k,Tech,Python,4,6,Male,31,India
62a33e72bae91e4b8b82ea1a,anonymous,6/10/2022,8:52,Data Analyst,No,66k-85k,Other (Please Specify):Insurance,Other:SQL,7,10,Male,23,United States
62a33e890f8c8599d5af13b9,anonymous,6/10/2022,8:52,Data Analyst,Yes,106k-125k,Other (Please Specify):Energy,Python,1,6,Female,33,United States
62a33e8bf8d5efcc22f7c79a,anonymous,6/10/2022,8:52,Data Analyst,No,86k-105k,Healthcare,Other:Qlik sense script,6,7,Male,43,United States
62a33e90cec54911e9ca5031,anonymous,6/10/2022,8:52,Student/Looking/None,Yes,0-40k,Other (Please Specify):Oil and gas,R,0,0,Female,23,Other (Please Specify):Nigeria
62a33e9df8f756164585277b,anonymous,6/10/2022,8:52,Student/Looking/None,Yes,41k-65k,Finance,Python,10,7,Male,31,United States
62a33eb6bc6861bf3176c5a3,anonymous,6/10/2022,8:53,Data Analyst,Yes,66k-85k,Finance,Python,5,6,Male,31,United Kingdom
62a33ee0bae91e4b8b82eaec,anonymous,6/10/2022,8:53,Data Analyst,Yes,0-40k,Other (Please Specify),Python,8,7,Male,25,India
62a33ee80f8c8599d5af14b7,anonymous,6/10/2022,8:54,Data Engineer,No,125k-150k,Tech,Other:SQL,8,10,Male,43,United States
62a33efe0a77c1a77f65bf1e,anonymous,6/10/2022,8:54,Data Analyst,No,41k-65k,Finance,Python,2,3,Female,26,Canada
62a33f0ef408bae018ed3aeb,anonymous,6/10/2022,8:54,Other (Please Specify):FP&A Analyst,No,41k-65k,Other (Please Specify):Automotive,Python,5,10,Male,32,Other (Please Specify):Japan
62a33f17f8f7561645852867,anonymous,6/10/2022,8:54,Other (Please Specify):BI Developer ,No,0-40k,Tech,Python,2,9,Male,31,Other (Please Specify):Greece
62a33f52bc6861bf3176c72c,anonymous,6/10/2022,8:55,Data Analyst,Yes,86k-105k,Healthcare,Other:sql,3,5,Male,29,United States
62a33f56cf255543173005e9,anonymous,6/10/2022,8:55,Data Analyst,Yes,0-40k,Other (Please Specify):Automotive ,Python,3,1,Male,24,Other (Please Specify):Perú 
62a33f5a5d257a28a30d7bb5,anonymous,6/10/2022,8:55,Student/Looking/None,Yes,41k-65k,Construction,Python,2,0,Male,34,United States
62a33fa5cec54911e9ca51f1,anonymous,6/10/2022,8:57,Data Analyst,Yes,41k-65k,Other (Please Specify):Utili,Other:Power bi,5,6,Male,42,Other (Please Specify):Australia
62a33fcb575fa3a5ae88ad59,anonymous,6/10/2022,8:57,Student/Looking/None,Yes,0-40k,Other (Please Specify):Not working yet,JavaScript,0,0,Female,40,United States
62a33fcf18134ddc75ce91c3,anonymous,6/10/2022,8:57,Student/Looking/None,No,41k-65k,Telecommunication,Python,3,1,Male,43,Other (Please Specify):Spain
62a34006d8c00e9f5419d341,anonymous,6/10/2022,8:58,Student/Looking/None,Yes,0-40k,Construction,Python,0,0,Male,23,Other (Please Specify):Kenya 
62a34020575fa3a5ae88ade0,anonymous,6/10/2022,8:59,Student/Looking/None,Yes,0-40k,Education,Python,5,5,Male,23,Other (Please Specify):Japan
62a34038b4da29969c62eafe,anonymous,6/10/2022,8:59,Data Analyst,Yes,86k-105k,Other (Please Specify):Manufa,Python,8,6,Male,28,United States
62a3406b575fa3a5ae88ae78,anonymous,6/10/2022,9:00,Data Analyst,No,66k-85k,Finance,Other:SQL,5,7,Male,32,United States
62a340cab4da29969c62ec01,anonymous,6/10/2022,9:02,Data Analyst,Yes,66k-85k,Other (Please Specify):Manufacturing (Chemicals),R,7,8,Female,41,United States
62a340d62e54c9003e5324b4,anonymous,6/10/2022,9:02,Data Analyst,Yes,41k-65k,Finance,Python,5,6,Male,33,United Kingdom
62a340e10a77c1a77f65c2e7,anonymous,6/10/2022,9:02,"Other (Please Specify):Manager, Business Intelligence Develop",Yes,150k-225k,Tech,Python,10,8,Male,38,United States
62a340f5bc6861bf3176caa4,anonymous,6/10/2022,9:02,Data Analyst,No,0-40k,Tech,Other:sql,8,8,Female,22,India
62a34117cec54911e9ca54e7,anonymous,6/10/2022,9:03,Student/Looking/None,Yes,0-40k,Other (Please Specify):Currently studying . Previously worked in Power Generation,R,1,3,Male,36,Other (Please Specify):Barbados
62a3413a5d257a28a30d8074,anonymous,6/10/2022,9:03,Data Engineer,No,66k-85k,Finance,Python,2,1,Female,28,United States
62a341a1f3072dd8926229a5,anonymous,6/10/2022,9:05,Student/Looking/None,Yes,0-40k,"Other (Please Specify):Not working at the moment, but previously I have been into Education industry","Other:If SQL is categorised as a programming language then I will definitely say SQL. Since I am still learning, I can't give a definite answer in relation to the abover mentioned but for the sake of choosing I will say R then followed by python",,,Male,30,Other (Please Specify):South Africa
62a341b0f8f7561645852d1d,anonymous,6/10/2022,9:05,Data Analyst,Yes,66k-85k,Tech,Python,6,6,Female,24,United States
62a341e8f8d5efcc22f7d002,anonymous,6/10/2022,9:06,Other (Please Specify):Business Analyst ,No,41k-65k,Other (Please Specify):Third Party Logistics ,C/C++,3,6,Male,29,United States
62a34210cf25554317300c02,anonymous,6/10/2022,9:07,Data Analyst,No,0-40k,Tech,Python,4,9,Male,29,Other (Please Specify):Colombia
62a3424eb4da29969c62eedd,anonymous,6/10/2022,9:08,Other (Please Specify):Business Analyst,Yes,41k-65k,Other (Please Specify):Automotive,Python,6,8,Male,38,Other (Please Specify):Germany
62a34256bae91e4b8b82f16d,anonymous,6/10/2022,9:08,Data Analyst,Yes,0-40k,Finance,Other:I don’t know any,3,5,Male,31,Other (Please Specify):Bulgaria
62a3426cf408bae018ed409b,anonymous,6/10/2022,9:09,Student/Looking/None,No,0-40k,Tech,Python,1,4,Male,25,United States
62a34272f8d5efcc22f7d15f,anonymous,6/10/2022,9:09,Data Analyst,No,66k-85k,Telecommunication,Python,4,6,Male,24,United States
62a34340bc6861bf3176d05b,anonymous,6/10/2022,9:12,Other (Please Specify):Business Intelligence Consultant,Yes,41k-65k,Tech,Python,6,7,Male,28,Other (Please Specify):Turkey
62a34383b4da29969c62f1be,anonymous,6/10/2022,9:13,Student/Looking/None,No,0-40k,Tech,Python,7,5,Female,23,India
62a34389cec54911e9ca5a22,anonymous,6/10/2022,9:13,Data Engineer,No,0-40k,Tech,R,2,3,Male,21,Other (Please Specify):Spain
62a343a22e54c9003e532a2a,anonymous,6/10/2022,9:14,Data Analyst,No,0-40k,Other (Please Specify):Energy,Python,4,4,Male,29,Other (Please Specify):France
62a343d9f3072dd892622fe4,anonymous,6/10/2022,9:15,Data Analyst,Yes,41k-65k,Tech,Python,5,6,Male,25,United States
62a34400d8c00e9f5419dc2b,anonymous,6/10/2022,9:15,Data Analyst,No,41k-65k,Tech,Python,6,6,Male,27,Other (Please Specify):Germany
62a34425f8d5efcc22f7d525,anonymous,6/10/2022,9:16,Data Analyst,Yes,41k-65k,Tech,Python,3,9,Male,23,India
62a34449575fa3a5ae88b637,anonymous,6/10/2022,9:16,Other (Please Specify):Sr. Supply Chain Analyst ,No,86k-105k,Other (Please Specify):Food & Beverage ,R,4,3,Male,32,United States
62a3445dcf255543173011e1,anonymous,6/10/2022,9:17,Student/Looking/None,Yes,106k-125k,Healthcare,Python,5,5,Male,22,India
62a3447a575fa3a5ae88b6c0,anonymous,6/10/2022,9:17,Data Analyst,No,0-40k,Tech,Python,2,9,Male,25,Other (Please Specify):Thailand
62a3449f7dc029e2d66bf5d1,anonymous,6/10/2022,9:18,Data Analyst,Yes,0-40k,Telecommunication,Python,2,8,Female,36,Other (Please Specify):Germany
62a344c5f408bae018ed4806,anonymous,6/10/2022,9:19,Data Analyst,Yes,106k-125k,Tech,Other:SQL,10,6,Female,27,United States
62a344c6f8d5efcc22f7d6e1,anonymous,6/10/2022,9:19,Other (Please Specify):Business analyst ,Yes,0-40k,Tech,Python,5,5,Male,23,India
62a344e1f3072dd892623328,anonymous,6/10/2022,9:19,Student/Looking/None,Yes,0-40k,Tech,Other:Sql,2,3,Male,26,Other (Please Specify):Netherlands
62a3450424a262602738357f,anonymous,6/10/2022,9:20,Other (Please Specify):Director of Data Analytics,No,86k-105k,Healthcare,Python,9,10,Female,33,United States
62a3452818134ddc75ce9e1b,anonymous,6/10/2022,9:20,Data Analyst,Yes,106k-125k,Other (Please Specify):Automotive,Python,3,5,Male,27,Other (Please Specify):Turkey
62a345490a77c1a77f65cc5b,anonymous,6/10/2022,9:21,Data Analyst,Yes,41k-65k,Education,R,3,6,Male,42,United States
62a3455bbc6861bf3176d57a,anonymous,6/10/2022,9:21,Data Analyst,Yes,0-40k,Tech,Python,6,7,Male,29,Other (Please Specify):Spain
62a3457bf8d5efcc22f7da17,anonymous,6/10/2022,9:22,Data Analyst,No,125k-150k,Tech,Python,4,7,Female,27,United States
62a345b2bae91e4b8b82fad6,anonymous,6/10/2022,9:22,Student/Looking/None,No,41k-65k,Healthcare,Python,0,10,Female,39,United States
62a345c47dc029e2d66bf80a,anonymous,6/10/2022,9:23,Data Analyst,Yes,41k-65k,Telecommunication,Python,6,6,Male,31,Other (Please Specify):Denmark
62a345e25d257a28a30d8b43,anonymous,6/10/2022,9:23,Data Analyst,Yes,66k-85k,Other (Please Specify):Marketing,Python,7,7,Male,29,Other (Please Specify):Brazil
62a34646f8d5efcc22f7dc5c,anonymous,6/10/2022,9:25,Data Analyst,Yes,66k-85k,Education,R,7,7,Male,31,United States
62a34687f408bae018ed4c52,anonymous,6/10/2022,9:26,Data Analyst,Yes,0-40k,Finance,Python,10,9,Male,30,Other (Please Specify):Mexico
62a346a37dc029e2d66bfa6d,anonymous,6/10/2022,9:26,Data Engineer,Yes,0-40k,Tech,Python,7,8,Male,33,Other (Please Specify):Mexico
62a346a95d257a28a30d8cb9,anonymous,6/10/2022,9:27,Data Analyst,No,66k-85k,Other (Please Specify):Retail,Python,7,8,Male,25,United States
62a346b4bc6861bf3176d7ce,anonymous,6/10/2022,9:27,Student/Looking/None,No,0-40k,Tech,R,0,0,Male,23,India
62a346cef8f756164585385b,anonymous,6/10/2022,9:27,Data Analyst,Yes,41k-65k,Other (Please Specify):Advertising,Other:Dont require,4,4,Male,33,United States
62a346d724a2626027383abd,anonymous,6/10/2022,9:27,Other (Please Specify):Business Analyst,Yes,66k-85k,Other (Please Specify):Logistics,Python,7,9,Male,35,Other (Please Specify):Chile
62a346d90a77c1a77f65d08d,anonymous,6/10/2022,9:27,Data Analyst,No,41k-65k,Other (Please Specify):Staffing and Recruting ,Python,6,8,Female,42,Other (Please Specify):Greece
62a34726f8d5efcc22f7dec7,anonymous,6/10/2022,9:29,Data Analyst,No,66k-85k,Tech,Python,3,4,Male,25,United States
62a3476c5d257a28a30d8e6d,anonymous,6/10/2022,9:30,Data Analyst,No,86k-105k,Other (Please Specify):Automotive,Python,5,4,Male,23,United States
62a347b4f8f7561645853a98,anonymous,6/10/2022,9:31,Other (Please Specify):Learning Management Specialist,No,41k-65k,Healthcare,JavaScript,2,4,Female,51,United States
62a347f6b4da29969c62fb79,anonymous,6/10/2022,9:32,Data Analyst,No,0-40k,Telecommunication,Other,1,4,Male,30,United Kingdom
62a3483018134ddc75cea4e6,anonymous,6/10/2022,9:33,Data Analyst,Yes,41k-65k,Finance,Python,8,9,Male,23,India
62a348650f8c8599d5af2b77,anonymous,6/10/2022,9:34,Other (Please Specify):Research Analyst,Yes,41k-65k,Other (Please Specify):Advertising,R,3,5,Male,24,Canada
62a3489318134ddc75cea659,anonymous,6/10/2022,9:35,Student/Looking/None,Yes,41k-65k,Tech,Python,6,6,Male,25,Other (Please Specify):Australia
62a348bf2e54c9003e533634,anonymous,6/10/2022,9:35,Data Analyst,Yes,41k-65k,Finance,Python,4,4,Female,55,United States
62a348c2f3072dd892623c10,anonymous,6/10/2022,9:36,Data Analyst,No,86k-105k,Other (Please Specify):Biotech,R,8,10,Female,30,United States
62a348f2f8d5efcc22f7e2ba,anonymous,6/10/2022,9:36,Data Analyst,Yes,41k-65k,Other (Please Specify):Consulting,Python,9,9,Male,25,Canada
62a349160a77c1a77f65d4db,anonymous,6/10/2022,9:37,Data Analyst,Yes,66k-85k,Other (Please Specify):Consumer Elec,Python,6,9,Male,28,United States
62a3493fb4da29969c62fe63,anonymous,6/10/2022,9:38,Other (Please Specify):Insights analyst,Yes,41k-65k,Other (Please Specify):Consulting,Python,8,8,Male,34,United Kingdom
62a3496e575fa3a5ae88c4e6,anonymous,6/10/2022,9:38,Data Analyst,Yes,0-40k,Tech,Python,8,10,Female,28,Other (Please Specify):Costa Rica
62a3498e575fa3a5ae88c554,anonymous,6/10/2022,9:39,Student/Looking/None,No,0-40k,Other (Please Specify):Semiconductor manufacturing,Other,7,9,Male,24,Other (Please Specify):Vietnam
62a34991b4da29969c62ff4b,anonymous,6/10/2022,9:39,Student/Looking/None,Yes,0-40k,Healthcare,Python,3,7,Male,31,United States
62a349bbf8f756164585400d,anonymous,6/10/2022,9:40,Data Analyst,Yes,41k-65k,"Other (Please Specify):Supply Chain - warehousing, transpiration and ",Other:Knowledge of Excel and SQL yet,3,6,Male,25,Canada
62a349c7cec54911e9ca67c7,anonymous,6/10/2022,9:40,Data Analyst,Yes,106k-125k,Finance,Python,5,1,Female,38,United States
62a349d5d8c00e9f5419ead2,anonymous,6/10/2022,9:40,Data Analyst,No,41k-65k,Finance,Python,5,5,Male,30,Other (Please Specify):Netherlands
62a349e6b4da29969c63000c,anonymous,6/10/2022,9:40,Data Analyst,Yes,0-40k,Tech,C/C++,0,0,Male,25,India
62a34a03cec54911e9ca6869,anonymous,6/10/2022,9:41,Data Analyst,Yes,0-40k,Tech,Python,1,2,Female,29,Other (Please Specify):Nigeria 
62a34ab15d257a28a30d9589,anonymous,6/10/2022,9:44,Data Scientist,Yes,150k-225k,Finance,Python,7,5,Male,21,Other (Please Specify):Portugal
62a34abc0f8c8599d5af31c5,anonymous,6/10/2022,9:44,Data Analyst,Yes,66k-85k,Other (Please Specify):Distribution,Other:SQL,5,8,Female,39,United States
62a34b07cec54911e9ca6b6e,anonymous,6/10/2022,9:45,Student/Looking/None,No,0-40k,Other (Please Specify),Python,0,0,Male,25,Other (Please Specify):turkey
62a34b0eb4da29969c6302ce,anonymous,6/10/2022,9:45,Other (Please Specify):Does a social media analyst count?,Yes,86k-105k,Finance,Other:I don't use programming in my role,7,9,Female,42,United States
62a34b1b0f8c8599d5af328b,anonymous,6/10/2022,9:46,Data Analyst,No,41k-65k,Tech,R,10,8,Male,25,United States
62a34b5b5d257a28a30d96a6,anonymous,6/10/2022,9:47,Data Scientist,No,86k-105k,Finance,Python,8,7,Male,22,United States
62a34b7ebae91e4b8b83076c,anonymous,6/10/2022,9:47,Data Analyst,No,0-40k,Other (Please Specify):Customer Service,Python,1,4,Male,23,Other (Please Specify):Colombia
62a34b99cec54911e9ca6e14,anonymous,6/10/2022,9:48,Data Engineer,Yes,41k-65k,Other (Please Specify):Ecom,JavaScript,6,6,Male,25,Other (Please Specify):Egypt
62a34bb0f3072dd892624210,anonymous,6/10/2022,9:48,Data Engineer,Yes,66k-85k,Other (Please Specify):Consulti,Python,5,7,Male,45,Canada
62a34bd0cf2555431730208b,anonymous,6/10/2022,9:49,Data Analyst,Yes,66k-85k,Healthcare,Other:Excel/SQL,7,3,Male,24,United States
62a34bd4f408bae018ed57bd,anonymous,6/10/2022,9:49,Student/Looking/None,No,0-40k,Other (Please Specify):State Government,R,1,9,Male,25,United States
62a34c66b4da29969c6305af,anonymous,6/10/2022,9:51,Data Analyst,Yes,66k-85k,Other (Please Specify):Marketing,Python,9,8,Male,26,United States
62a34d1ff8f756164585465c,anonymous,6/10/2022,9:54,Data Analyst,No,41k-65k,Tech,R,4,7,Male,23,Canada
62a34d4118134ddc75ceb0ed,anonymous,6/10/2022,9:55,Student/Looking/None,Yes,0-40k,Other (Please Specify):Culture,Python,1,1,Female,42,United Kingdom
62a34da0f408bae018ed5abd,anonymous,6/10/2022,9:56,Other (Please Specify):Educator,Yes,41k-65k,Education,Other:unknown,0,0,Female,42,United States
62a34dbb5d257a28a30d9a61,anonymous,6/10/2022,9:57,Other (Please Specify):Business Analyst,No,0-40k,Tech,Python,0,6,Male,25,India
62a34e00f8f7561645854954,anonymous,6/10/2022,9:58,Data Analyst,Yes,86k-105k,Tech,R,8,10,Male,38,United States
62a34e082e54c9003e534118,anonymous,6/10/2022,9:58,Other (Please Specify):Business Intelligence Engineer,No,0-40k,Tech,Python,5,6,Male,24,Other (Please Specify):Costa Rica
62a34eb7bc6861bf3176e6d8,anonymous,6/10/2022,10:01,Data Analyst,Yes,66k-85k,Education,R,7,10,Male,28,United States
62a34f2af8f7561645854c1c,anonymous,6/10/2022,10:03,Data Analyst,No,41k-65k,Healthcare,Python,1,2,Male,21,United States
62a34f3bf408bae018ed5e42,anonymous,6/10/2022,10:03,Data Analyst,Yes,106k-125k,Healthcare,R,10,10,Male,39,United States
62a34fa418134ddc75ceb509,anonymous,6/10/2022,10:05,Data Analyst,Yes,0-40k,Tech,Python,4,5,Male,23,Other (Please Specify):Pakistan
62a34fbacec54911e9ca776f,anonymous,6/10/2022,10:05,Data Analyst,No,0-40k,Other (Please Specify):Government,R,1,6,Female,23,Other (Please Specify):Australia
62a34fc3f3072dd892624a45,anonymous,6/10/2022,10:05,Data Analyst,Yes,66k-85k,Other (Please Specify):Distribution,R,8,9,Male,30,United States
62a34ff1f408bae018ed601d,anonymous,6/10/2022,10:06,Data Analyst,No,41k-65k,Other (Please Specify):Manufacturing,Python,2,6,Male,26,Other (Please Specify):Ireland 
62a34ff4f3072dd892624b32,anonymous,6/10/2022,10:06,Data Analyst,Yes,41k-65k,Healthcare,R,3,6,Male,37,United States
62a3505bd8c00e9f5419f8df,anonymous,6/10/2022,10:08,Data Analyst,Yes,66k-85k,Healthcare,Python,3,5,Female,31,United States
62a350f7f3072dd892624d05,anonymous,6/10/2022,10:11,Data Analyst,Yes,0-40k,Finance,C/C++,5,2,Female,25,Other (Please Specify):South Africa
62a35130f3072dd892624d9f,anonymous,6/10/2022,10:12,Data Analyst,Yes,0-40k,Healthcare,Python,2,6,Female,26,Other (Please Specify):Poland
62a351860a77c1a77f65e86b,anonymous,6/10/2022,10:13,Data Analyst,Yes,66k-85k,Healthcare,Other:SQL,7,8,Male,30,United States
62a3519b24a262602738514a,anonymous,6/10/2022,10:13,Data Analyst,Yes,66k-85k,Tech,Python,9,10,Female,39,United States
62a35236b4da29969c631214,anonymous,6/10/2022,10:16,Other (Please Specify):Research Associate ,No,0-40k,Education,Python,1,1,Female,28,India
62a352a32e54c9003e534981,anonymous,6/10/2022,10:18,Data Analyst,Yes,66k-85k,Finance,Other:SQL,8,8,Male,22,United States
62a352f00a77c1a77f65eae7,anonymous,6/10/2022,10:19,Data Analyst,Yes,0-40k,Telecommunication,Python,3,2,Male,28,Other (Please Specify):Mozambique
62a353372e54c9003e534a40,anonymous,6/10/2022,10:20,Other (Please Specify):Analytics Manager,No,150k-225k,Tech,R,8,10,Male,33,United States
62a353565d257a28a30da59f,anonymous,6/10/2022,10:21,Data Analyst,Yes,0-40k,Finance,Other:SQL Postgres ,2,3,Female,22,Other (Please Specify):Egypt 
62a353f07dc029e2d66c1783,anonymous,6/10/2022,10:23,Student/Looking/None,No,0-40k,Tech,Python,3,5,Male,27,India
62a3545e0f8c8599d5af474b,anonymous,6/10/2022,10:25,Data Analyst,Yes,106k-125k,Other (Please Specify):Cons,Other:DAX,8,8,Male,37,United States
62a35472cec54911e9ca82bc,anonymous,6/10/2022,10:25,Other (Please Specify):Business Analyst,No,41k-65k,Other (Please Specify):Wholesale,R,3,4,Male,24,United States
62a354bdb4da29969c631700,anonymous,6/10/2022,10:27,Data Analyst,No,41k-65k,Healthcare,R,1,4,Male,25,United Kingdom
62a354e9cf255543173031ed,anonymous,6/10/2022,10:27,Data Engineer,No,86k-105k,Healthcare,R,8,10,Male,28,United States
62a35541f3072dd892625517,anonymous,6/10/2022,10:29,Data Analyst,Yes,41k-65k,Other (Please Specify):Energy ,Python,5,5,Male,32,United Kingdom
62a355445d257a28a30dab12,anonymous,6/10/2022,10:29,Data Analyst,Yes,41k-65k,Other (Please Specify):Government programs,Python,0,7,Male,29,United States
62a35631cf25554317303425,anonymous,6/10/2022,10:33,Data Analyst,No,41k-65k,Healthcare,R,7,5,Female,26,Other (Please Specify):Australia
62a357390a77c1a77f65f189,anonymous,6/10/2022,10:37,Data Engineer,Yes,41k-65k,Tech,Python,0,7,Male,37,Canada
62a3578b0a77c1a77f65f279,anonymous,6/10/2022,10:39,Data Analyst,No,41k-65k,Other (Please Specify):Supply Chain,R,4,6,Male,25,United States
62a357d30f8c8599d5af4ea3,anonymous,6/10/2022,10:40,Data Analyst,No,0-40k,Finance,Other:Sql,4,4,Male,24,Other (Please Specify):Israel
62a3582e575fa3a5ae88e506,anonymous,6/10/2022,10:41,Other (Please Specify):Manager of a team of Data Analysts,No,125k-150k,Finance,Other:SQL,7,8,Male,52,United States
62a35878575fa3a5ae88e5d5,anonymous,6/10/2022,10:43,Data Analyst,Yes,41k-65k,Finance,Python,6,10,Male,27,Other (Please Specify):Singapore
62a35981bae91e4b8b8323dd,anonymous,6/10/2022,10:47,Data Analyst,No,106k-125k,Healthcare,Other,6,6,Female,29,United States
62a35a2c7dc029e2d66c2519,anonymous,6/10/2022,10:50,Student/Looking/None,No,0-40k,Tech,Python,3,7,Male,42,Other (Please Specify):Brazil
62a35aa2f8d5efcc22f8075d,anonymous,6/10/2022,10:52,Data Analyst,Yes,41k-65k,Telecommunication,R,3,5,Male,28,United States
62a35ababae91e4b8b83269d,anonymous,6/10/2022,10:52,Data Analyst,Yes,0-40k,Tech,Python,8,8,Male,44,Other (Please Specify):Costa Rica
62a35ae0575fa3a5ae88ea98,anonymous,6/10/2022,10:53,Data Engineer,Yes,0-40k,Tech,Python,5,5,Male,23,Other (Please Specify):Spain
62a35ae87dc029e2d66c279b,anonymous,6/10/2022,10:53,Data Analyst,No,41k-65k,Other (Please Specify):Entertainment,R,1,2,Male,27,United States
62a35b13bc6861bf31770188,anonymous,6/10/2022,10:54,Data Analyst,No,66k-85k,Construction,Python,3,3,Male,26,United States
62a35b72f408bae018ed76a8,anonymous,6/10/2022,10:55,Data Analyst,Yes,86k-105k,Healthcare,Other:Vba,3,4,Male,27,United States
62a35b965d257a28a30db899,anonymous,6/10/2022,10:56,Data Analyst,Yes,66k-85k,Other (Please Specify):Retail,Python,0,0,Male,33,Canada
62a35ba3f3072dd892626068,anonymous,6/10/2022,10:56,Data Analyst,Yes,66k-85k,Other (Please Specify):Aerospace,Python,8,10,Male,28,United States
62a35c890a77c1a77f65fdfa,anonymous,6/10/2022,11:00,Data Analyst,Yes,0-40k,Tech,R,2,8,Male,32,Other (Please Specify):Kenya
62a35d8f575fa3a5ae88efd6,anonymous,6/10/2022,11:04,Student/Looking/None,Yes,41k-65k,Other (Please Specify):Foodservice Franchising,Python,2,4,Male,34,Canada
62a35d95cf25554317304386,anonymous,6/10/2022,11:04,Data Analyst,No,150k-225k,Tech,Python,10,10,Male,28,United States
62a35e970a77c1a77f66035a,anonymous,6/10/2022,11:09,Data Scientist,Yes,125k-150k,Telecommunication,Python,2,4,Male,27,India
62a35eabf408bae018ed7cbc,anonymous,6/10/2022,11:09,Data Engineer,Yes,41k-65k,Finance,Python,2,4,Male,22,United States
62a35f0d24a2626027386a8b,anonymous,6/10/2022,11:11,Data Analyst,No,66k-85k,Healthcare,Python,3,3,Male,29,United States
62a35f825d257a28a30dc128,anonymous,6/10/2022,11:13,Data Analyst,No,66k-85k,Healthcare,Python,8,10,Female,31,United States
62a35fa0f8f7561645856c35,anonymous,6/10/2022,11:13,Data Analyst,No,66k-85k,Tech,Python,4,5,Male,28,United States
62a35fc1f8f7561645856c98,anonymous,6/10/2022,11:14,Student/Looking/None,No,0-40k,Healthcare,Python,0,0,Male,24,United States
62a3602318134ddc75ced6b9,anonymous,6/10/2022,11:15,Data Analyst,No,86k-105k,Other (Please Specify):Government ,Other:Stata,4,5,Male,34,United States
62a360b8f8f7561645856ec4,anonymous,6/10/2022,11:18,Data Engineer,No,86k-105k,Tech,Python,5,3,Male,23,United States
62a360dbd8c00e9f541a16cf,anonymous,6/10/2022,11:18,Student/Looking/None,No,41k-65k,Construction,Other:Excel,10,4,Male,32,Other (Please Specify):Belgium
62a36146f8f7561645856ff7,anonymous,6/10/2022,11:20,Data Analyst,Yes,0-40k,Healthcare,R,6,8,Male,29,Other (Please Specify):Argentina
62a361af0f8c8599d5af6277,anonymous,6/10/2022,11:22,Data Analyst,Yes,0-40k,Education,Python,0,0,Male,34,Other (Please Specify):Nigeria
62a361cc575fa3a5ae88f908,anonymous,6/10/2022,11:22,Data Analyst,No,66k-85k,Finance,Python,7,5,Male,24,United Kingdom
62a3620f0f8c8599d5af63a5,anonymous,6/10/2022,11:23,Other (Please Specify):Analyst,No,66k-85k,Tech,Python,0,10,Male,30,United States
62a36251d8c00e9f541a199e,anonymous,6/10/2022,11:25,Other (Please Specify):Analytics Engineer,No,86k-105k,Other (Please Specify):Entertainment ,Python,5,5,Male,24,United States
62a36275bc6861bf31771183,anonymous,6/10/2022,11:25,Data Analyst,Yes,41k-65k,Other (Please Specify):Insurance,Python,6,8,Male,27,United States
62a3636c2e54c9003e536e6b,anonymous,6/10/2022,11:29,Data Analyst,No,0-40k,Finance,Python,1,2,Male,21,India
62a365c2f8d5efcc22f81e2e,anonymous,6/10/2022,11:39,Data Analyst,No,0-40k,Other (Please Specify):Logistics,Python,3,5,Male,31,Other (Please Specify):UAE
62a365d5d8c00e9f541a20cf,anonymous,6/10/2022,11:40,Data Analyst,Yes,0-40k,Telecommunication,R,5,7,Male,41,Other (Please Specify):Egypt
62a3670b575fa3a5ae890422,anonymous,6/10/2022,11:45,Data Analyst,Yes,0-40k,Tech,Python,0,1,Male,25,India
62a3676bb4da29969c633ac7,anonymous,6/10/2022,11:46,Data Analyst,No,0-40k,Finance,Other:I currently do not work with programming languages yet,4,7,Male,24,Other (Please Specify):Nigeria 
62a36794b4da29969c633b48,anonymous,6/10/2022,11:47,Data Analyst,No,0-40k,Finance,Python,6,5,Male,30,Other (Please Specify): Somalia
62a367d224a2626027387b56,anonymous,6/10/2022,11:48,Data Analyst,No,150k-225k,Finance,Other,7,7,Male,33,United States
62a367ed18134ddc75cee697,anonymous,6/10/2022,11:49,Data Analyst,No,66k-85k,Other (Please Specify):Energy (oil and gas),Other:Altery,7,4,Male,23,United States
62a36802f8f7561645857e38,anonymous,6/10/2022,11:49,Data Analyst,Yes,66k-85k,Tech,Python,6,6,Female,33,United Kingdom
62a3684ebc6861bf31771f15,anonymous,6/10/2022,11:50,Data Analyst,No,106k-125k,Finance,Python,4,4,Male,25,United States
62a3688df8f7561645857f7e,anonymous,6/10/2022,11:51,Data Analyst,No,0-40k,Other (Please Specify):Market research,Python,5,5,Female,27,Other (Please Specify):Kosovo
62a368ee2e54c9003e537e4a,anonymous,6/10/2022,11:53,Data Analyst,Yes,0-40k,Finance,C/C++,5,10,Male,30,United Kingdom
62a369280a77c1a77f661ad0,anonymous,6/10/2022,11:54,Data Analyst,Yes,0-40k,Tech,Python,0,3,Male,29,Other (Please Specify):Nigeria 
62a36969f8f756164585821d,anonymous,6/10/2022,11:55,Other (Please Specify):Analyst Primary Market Intelligence,Yes,0-40k,Healthcare,Python,10,2,Male,25,India
62a3697ff408bae018ed948b,anonymous,6/10/2022,11:55,Data Analyst,No,86k-105k,Telecommunication,Other:None,7,7,Male,40,United States
62a36ac6cf255543173063d8,anonymous,6/10/2022,12:01,Data Analyst,No,41k-65k,Other (Please Specify):Government,Other,6,10,Female,29,Canada
62a36ad1f408bae018ed9793,anonymous,6/10/2022,12:01,Data Analyst,No,41k-65k,Other (Please Specify),Python,0,3,Male,29,India
62a36b6c24a26260273882a2,anonymous,6/10/2022,12:03,Data Analyst,Yes,0-40k,Education,Python,1,2,Male,28,Other (Please Specify):Nigeria 
62a36b862e54c9003e5383c6,anonymous,6/10/2022,12:04,Other (Please Specify):software engineer,No,86k-105k,Other (Please Specify):hospitality,Other:c#,5,2,Male,34,United Kingdom
62a36d12f8d5efcc22f82cd8,anonymous,6/10/2022,12:10,Student/Looking/None,No,0-40k,Tech,Python,0,4,Male,24,Other (Please Specify):Belgium
62a36d3124a262602738862c,anonymous,6/10/2022,12:11,Data Analyst,Yes,0-40k,Telecommunication,Python,5,8,Male,26,Other (Please Specify):Iraq
62a36e470a77c1a77f662470,anonymous,6/10/2022,12:16,Data Analyst,No,125k-150k,Tech,Python,10,5,Male,28,United States
62a36e7024a262602738890a,anonymous,6/10/2022,12:16,Student/Looking/None,No,0-40k,Education,R,5,4,Male,25,Other (Please Specify):Germany
62a36fe67dc029e2d66c5303,anonymous,6/10/2022,12:23,Data Analyst,Yes,0-40k,Tech,Python,1,4,Male,33,Other (Please Specify):Colombia
62a3701f575fa3a5ae89164e,anonymous,6/10/2022,12:23,Data Analyst,Yes,66k-85k,Finance,Python,4,4,Male,30,Other (Please Specify):Ireland 
62a370635d257a28a30de5eb,anonymous,6/10/2022,12:25,Data Analyst,Yes,0-40k,Finance,Python,1,1,Male,35,India
62a37128d8c00e9f541a39dd,anonymous,6/10/2022,12:28,Data Analyst,No,0-40k,Other (Please Specify):Automotive,Other:None,5,2,Male,25,Other (Please Specify):Romania
62a3715124a2626027388f02,anonymous,6/10/2022,12:29,Data Analyst,No,0-40k,Real Estate,Python,4,7,Male,23,Other (Please Specify):Spain
62a37222cf2555431730732d,anonymous,6/10/2022,12:32,Data Engineer,No,0-40k,Healthcare,Python,6,6,Male,24,Other (Please Specify):Mexico
62a373efbc6861bf3177360b,anonymous,6/10/2022,12:40,Data Analyst,Yes,150k-225k,Education,Other:SQL ,8,9,Male,27,United States
62a3759e5d257a28a30def3a,anonymous,6/10/2022,12:47,Data Analyst,Yes,66k-85k,Other (Please Specify):Chemical Manufacturing,Python,4,10,Male,32,United States
62a3777624a262602738997e,anonymous,6/10/2022,12:55,Data Analyst,Yes,41k-65k,Tech,Python,3,5,Male,50,Canada
62a377987dc029e2d66c638d,anonymous,6/10/2022,12:55,Data Architect,Yes,66k-85k,Other (Please Specify):Poultry,Python,7,7,Male,29,United States
62a377f424a2626027389af3,anonymous,6/10/2022,12:57,Data Analyst,Yes,0-40k,Telecommunication,R,2,8,Male,41,Other (Please Specify):Peru
62a3784c0f8c8599d5af8fbc,anonymous,6/10/2022,12:58,Other (Please Specify):Data Integrity,No,0-40k,Other (Please Specify):Renewable Resources,R,1,7,Male,23,United States
62a37a43d8c00e9f541a4a7c,anonymous,6/10/2022,13:07,Data Analyst,Yes,0-40k,Finance,Python,4,7,Male,31,Other (Please Specify):Nigeria
62a37a7818134ddc75cf0d4c,anonymous,6/10/2022,13:08,Data Analyst,No,0-40k,Healthcare,Python,0,10,Male,22,Other (Please Specify):Philippines
62a37aa1cf255543173081e5,anonymous,6/10/2022,13:08,Data Analyst,No,66k-85k,Finance,Python,3,5,Male,29,United States
62a37ad924a2626027389f8a,anonymous,6/10/2022,13:09,Data Scientist,Yes,0-40k,Tech,Python,4,4,Male,23,Other (Please Specify):Malaysia
62a37b7db4da29969c636123,anonymous,6/10/2022,13:12,Student/Looking/None,No,0-40k,Other (Please Specify):Customer service ,Other:Just started learning ,0,0,Female,24,United States
62a37bab2e54c9003e53a10a,anonymous,6/10/2022,13:13,Data Analyst,Yes,66k-85k,Other (Please Specify): Manufacturering ,Python,5,9,Male,26,United States
62a37c50cec54911e9cacee2,anonymous,6/10/2022,13:16,Student/Looking/None,Yes,0-40k,Finance,Python,4,3,Male,31,India
62a37d41bae91e4b8b8369f7,anonymous,6/10/2022,13:20,Data Analyst,Yes,0-40k,Other (Please Specify):sports,Python,1,1,Male,22,Other (Please Specify):nigeria
62a37f8db4da29969c6367bf,anonymous,6/10/2022,13:29,Data Analyst,Yes,66k-85k,Other (Please Specify):fashion/online store,Python,7,8,Male,31,Other (Please Specify):Germany
62a37ff3bae91e4b8b836ed0,anonymous,6/10/2022,13:31,Student/Looking/None,Yes,0-40k,Tech,Python,0,4,Male,27,United States
62a38023575fa3a5ae89339e,anonymous,6/10/2022,13:32,Student/Looking/None,No,0-40k,Other (Please Specify):I am a student,Python,1,1,Female,25,United States
62a38153cec54911e9cad855,anonymous,6/10/2022,13:37,Data Analyst,Yes,0-40k,Healthcare,Python,4,10,Male,30,Other (Please Specify):Colombia
62a381d024a262602738ab19,anonymous,6/10/2022,13:39,Data Analyst,Yes,41k-65k,Healthcare,R,0,6,Male,28,United States
62a38227bae91e4b8b837235,anonymous,6/10/2022,13:40,Data Analyst,No,125k-150k,Finance,Python,6,6,Male,26,United States
62a38489cf25554317309145,anonymous,6/10/2022,13:51,Data Scientist,Yes,125k-150k,Other (Please Specify):Retail,Python,6,7,Female,32,United States
62a384f0cec54911e9cadd6f,anonymous,6/10/2022,13:52,Data Analyst,Yes,0-40k,Other (Please Specify):Marketing ,Other:Sql,3,5,Female,40,Other (Please Specify):Poland
62a385480f8c8599d5afa5c6,anonymous,6/10/2022,13:54,Data Engineer,Yes,0-40k,Other (Please Specify):Manufacturing,Python,4,7,Male,36,Other (Please Specify):Singapore
62a3856218134ddc75cf1ee0,anonymous,6/10/2022,13:54,Data Analyst,Yes,66k-85k,Finance,Python,6,10,Male,35,United States
62a385c40f8c8599d5afa6cf,anonymous,6/10/2022,13:56,Data Analyst,Yes,66k-85k,Tech,Python,3,4,Male,29,United States
62a385ddbae91e4b8b837855,anonymous,6/10/2022,13:56,Data Analyst,No,41k-65k,Finance,Python,6,5,Female,25,Other (Please Specify):Germany
62a385e7b4da29969c6372ab,anonymous,6/10/2022,13:56,Database Developer,Yes,41k-65k,Other (Please Specify):Hospitality ,Python,6,8,Male,29,United States
62a386dfcec54911e9cae1d3,anonymous,6/10/2022,14:01,Data Analyst,No,86k-105k,Agriculture,Python,7,6,Male,26,United States
62a3870bbc6861bf31775841,anonymous,6/10/2022,14:01,Data Analyst,No,0-40k,Other (Please Specify):Marketing,R,1,1,Male,34,Other (Please Specify):Ghana
62a38733f8d5efcc22f859fc,anonymous,6/10/2022,14:02,Data Analyst,Yes,0-40k,Finance,Python,5,2,Male,26,Other (Please Specify):Egypt
62a387e6575fa3a5ae8940a1,anonymous,6/10/2022,14:05,Data Analyst,No,0-40k,Tech,Python,3,3,Female,22,India
62a388d524a262602738b869,anonymous,6/10/2022,14:09,Student/Looking/None,Yes,0-40k,Construction,Python,0,2,Female,24,Other (Please Specify):Kenya
62a38975b4da29969c637830,anonymous,6/10/2022,14:12,Data Analyst,No,0-40k,Other (Please Specify):Medical industry ,Python,3,6,Male,26,Other (Please Specify):Costa Rica
62a38985f8f756164585b89c,anonymous,6/10/2022,14:12,Data Architect,Yes,0-40k,Finance,Python,5,6,Female,34,Other (Please Specify):Portugsl
62a389b70f8c8599d5afad1a,anonymous,6/10/2022,14:13,Data Analyst,No,0-40k,Tech,Python,3,5,Male,29,India
62a389ed18134ddc75cf24f8,anonymous,6/10/2022,14:14,Data Scientist,No,0-40k,Tech,R,2,7,Male,21,Other (Please Specify):Nigeria
62a38a060a77c1a77f6654b7,anonymous,6/10/2022,14:14,Other (Please Specify):Financial Analyst,No,0-40k,Other (Please Specify):Management,Python,2,4,Female,35,Other (Please Specify):Macedonia
62a38a4d575fa3a5ae8944df,anonymous,6/10/2022,14:15,Data Analyst,No,41k-65k,Education,Python,7,7,Male,26,United States
62a38a97cf25554317309af2,anonymous,6/10/2022,14:16,Data Analyst,Yes,41k-65k,Other (Please Specify):Warehouse,Python,2,4,Male,28,United States
62a38c120f8c8599d5afb0e9,anonymous,6/10/2022,14:23,Other (Please Specify):Database Manager,No,41k-65k,Other (Please Specify):Non profit Animal Welfare,Python,1,5,Female,33,United States
62a38c9dbc6861bf317760c4,anonymous,6/10/2022,14:25,Data Analyst,Yes,66k-85k,Other (Please Specify):Consulting,"Other:i mean, i mostly work in SQL and its variants?",7,6,Female,56,United States
62a38de50f8c8599d5afb3e7,anonymous,6/10/2022,14:31,Other (Please Specify):Software Developer ,No,0-40k,Other (Please Specify):Insurance ,Python,3,3,Male,23,India
62a3906224a262602738c58a,anonymous,6/10/2022,14:41,Data Scientist,Yes,125k-150k,Healthcare,Python,4,5,Male,28,United States
62a3907cbae91e4b8b838917,anonymous,6/10/2022,14:42,Student/Looking/None,No,0-40k,Other (Please Specify):none,JavaScript,0,0,Male,21,Other (Please Specify):Egypt
62a390c0d8c00e9f541a6fd7,anonymous,6/10/2022,14:43,Student/Looking/None,No,66k-85k,Other (Please Specify):Social work ,Python,2,2,Male,35,United States
62a390e4f3072dd89262c0cd,anonymous,6/10/2022,14:43,Data Analyst,No,41k-65k,Healthcare,Python,7,5,Male,29,Other (Please Specify):Irel
62a391cacf2555431730a623,anonymous,6/10/2022,14:47,Data Analyst,No,86k-105k,Tech,Python,9,10,Female,23,United States
62a39214f8f756164585c6b6,anonymous,6/10/2022,14:48,Other (Please Specify):Tableau admin,No,41k-65k,Finance,Python,3,3,Male,25,India
62a39297b4da29969c638679,anonymous,6/10/2022,14:51,Data Engineer,Yes,86k-105k,Other (Please Specify):E-commerce,Python,8,7,Male,27,United States
62a393330a77c1a77f6662e4,anonymous,6/10/2022,14:53,Data Analyst,No,0-40k,Tech,Python,3,8,Male,22,India
62a3944024a262602738cb07,anonymous,6/10/2022,14:58,Data Analyst,Yes,0-40k,Other (Please Specify):IT,Python,6,3,Male,22,India
62a3951ed8c00e9f541a75d1,anonymous,6/10/2022,15:01,Other (Please Specify),No,106k-125k,Other (Please Specify),Java,7,7,Male,43,United States
62a3958fcec54911e9caf827,anonymous,6/10/2022,15:03,Other (Please Specify):Reporting Adm,Yes,0-40k,Tech,Python,3,5,Female,32,United States
62a3970ebae91e4b8b839495,anonymous,6/10/2022,15:10,Student/Looking/None,Yes,66k-85k,Healthcare,Other,,,Female,42,United States
62a3976ecf2555431730af5e,anonymous,6/10/2022,15:11,Other (Please Specify):Billing analyst,No,66k-85k,Other (Please Specify):Legal,Python,4,6,Male,31,United States
62a397fb5d257a28a30e279a,anonymous,6/10/2022,15:14,Data Engineer,No,0-40k,Other (Please Specify):Media & advertising ,Python,0,10,Male,25,United Kingdom
62a3980c7dc029e2d66c9a81,anonymous,6/10/2022,15:14,Data Analyst,No,41k-65k,Agriculture,Other:SQL,3,5,Female,25,United States
62a3980e0f8c8599d5afc32c,anonymous,6/10/2022,15:14,Data Analyst,Yes,106k-125k,Other (Please Specify):Aviation,Other:SAS,9,9,Male,31,United States
62a39a340f8c8599d5afc6ce,anonymous,6/10/2022,15:23,Data Scientist,Yes,0-40k,Education,Python,3,3,Male,36,Other (Please Specify):Morocco
62a39a95bc6861bf3177751d,anonymous,6/10/2022,15:25,Other (Please Specify):I work with data tools and can create simple dashboards but I am not a data scientist,No,41k-65k,Healthcare,Python,6,8,Female,35,Other (Please Specify):Bulgaria
62a39b315d257a28a30e2cae,anonymous,6/10/2022,15:27,Data Analyst,Yes,66k-85k,Other (Please Specify):Utilities,R,6,10,Male,28,United States
62a39b6cf408bae018ede929,anonymous,6/10/2022,15:28,Data Analyst,No,0-40k,Other (Please Specify):Audit Firm,Python,8,8,Male,27,Other (Please Specify):Peru
62a39bd324a262602738d725,anonymous,6/10/2022,15:30,Data Analyst,Yes,0-40k,Other (Please Specify):Sports,Python,7,4,Male,25,Other (Please Specify):Costa Rica 
62a39e03f408bae018eded39,anonymous,6/10/2022,15:39,Data Analyst,No,0-40k,Other (Please Specify):E-commerce,Python,6,6,Male,25,Other (Please Specify):Poland
62a39e69d8c00e9f541a8358,anonymous,6/10/2022,15:41,Other (Please Specify):Marketing Data Specialist,No,41k-65k,Other (Please Specify):Sports/Marketing,R,5,5,Male,22,United States
62a3a0bcf8f756164585daf7,anonymous,6/10/2022,15:51,Data Analyst,Yes,41k-65k,Healthcare,Other:None,7,8,Male,38,Other (Please Specify):Germany
62a3a1a62e54c9003e53dc35,anonymous,6/10/2022,15:55,Data Analyst,Yes,0-40k,Education,Python,0,0,Male,27,Other (Please Specify):Kenya
62a3a231b4da29969c639b2c,anonymous,6/10/2022,15:57,Data Analyst,Yes,86k-105k,Other (Please Specify):Consulting,Other:NA,4,4,Female,34,Canada
62a3a3800f8c8599d5afd4db,anonymous,6/10/2022,16:03,Data Analyst,Yes,66k-85k,Other (Please Specify):Nonprofit,Python,9,10,Female,31,United States
62a3a4fdbae91e4b8b83ab6f,anonymous,6/10/2022,16:09,Data Analyst,Yes,41k-65k,Tech,Python,4,9,Female,33,Canada
62a3a7f50a77c1a77f668221,anonymous,6/10/2022,16:22,Student/Looking/None,Yes,0-40k,Tech,Python,2,5,Male,23,United States
62a3a90f24a262602738e800,anonymous,6/10/2022,16:26,Data Analyst,Yes,41k-65k,Healthcare,Other:Mainly use Excel,3,10,Female,25,United States
62a3a9dbd8c00e9f541a93eb,anonymous,6/10/2022,16:30,Data Analyst,Yes,0-40k,Tech,Python,4,4,Male,29,Other (Please Specify):Iran
62a3aaa3cec54911e9cb1724,anonymous,6/10/2022,16:33,Other (Please Specify):Analytics Engineer,Yes,41k-65k,Healthcare,R,5,7,Female,29,United States
62a3ab320f8c8599d5afdfa8,anonymous,6/10/2022,16:36,Data Analyst,Yes,0-40k,Tech,R,3,4,Male,31,India
62a3abacd8c00e9f541a96eb,anonymous,6/10/2022,16:38,Student/Looking/None,No,0-40k,Real Estate,R,0,5,Male,34,Other (Please Specify):South Africa 
62a3ac4bf8f756164585ea83,anonymous,6/10/2022,16:40,Data Analyst,Yes,0-40k,Tech,Python,3,2,Male,26,Other (Please Specify):Bangladesh 
62a3ad35cec54911e9cb1b5c,anonymous,6/10/2022,16:44,Other (Please Specify):Jr. Data Scientist,No,86k-105k,Healthcare,Python,4,6,Female,26,United States
62a3ae69bc6861bf3177900d,anonymous,6/10/2022,16:49,Other (Please Specify):Continuous Quality Improvement Specialist,Yes,41k-65k,Other (Please Specify):Law Enforcement,Other:DAX,3,6,Male,27,United States
62a3af26cec54911e9cb1f3a,anonymous,6/10/2022,16:52,Data Analyst,Yes,66k-85k,Other (Please Specify):last mile delivery logistics,Python,8,5,Male,26,United States
62a3af66f8f756164585eeb8,anonymous,6/10/2022,16:53,Student/Looking/None,Yes,0-40k,Tech,Python,4,5,Female,26,United States
62a3b135b4da29969c63b1ed,anonymous,6/10/2022,17:01,Data Analyst,Yes,41k-65k,Finance,R,2,5,Male,24,United States
62a3b255d8c00e9f541a9fd5,anonymous,6/10/2022,17:06,Data Analyst,Yes,86k-105k,Other (Please Specify):Retail,Python,4,6,Female,28,Other (Please Specify):Ire
62a3b314f408bae018ee0938,anonymous,6/10/2022,17:09,Data Analyst,Yes,106k-125k,Other (Please Specify):Manufacturing,R,8,8,Male,29,United States
62a3b3f6bc6861bf3177973b,anonymous,6/10/2022,17:13,Data Analyst,Yes,66k-85k,Finance,Python,3,2,Female,26,United States
62a3ba4dbc6861bf31779f24,anonymous,6/10/2022,17:40,Data Analyst,Yes,41k-65k,Other (Please Specify):Arrosp,Python,3,5,Male,28,United Kingdom
62a3baa624a262602738ff27,anonymous,6/10/2022,17:41,Data Analyst,No,0-40k,Finance,Python,6,8,Male,25,Other (Please Specify):France
62a3bc00d8c00e9f541aad66,anonymous,6/10/2022,17:47,Data Analyst,Yes,66k-85k,Finance,R,5,7,Female,26,United States
62a3bf1b0a77c1a77f66a347,anonymous,6/10/2022,18:00,Data Engineer,Yes,125k-150k,Healthcare,Python,6,3,Female,38,United States
62a3c021f8f756164586043f,anonymous,6/10/2022,18:05,Other (Please Specify),Yes,0-40k,Other (Please Specify):Demography and Social Statistics ,Other:SQL,0,3,Female,20,Other (Please Specify):Nigeria 
62a3c1b1bc6861bf3177aa8c,anonymous,6/10/2022,18:12,Data Analyst,No,66k-85k,Education,Other:SQL,4,6,Female,45,United States
62a3c30324a26260273909b9,anonymous,6/10/2022,18:17,Data Analyst,No,86k-105k,Other (Please Specify):Marketing ,Python,5,3,Male,27,Canada
62a3c476bc6861bf3177ad9d,anonymous,6/10/2022,18:23,Data Analyst,Yes,41k-65k,Other (Please Specify):Consulti,Python,3,7,Male,28,Canada
62a3c5f2cec54911e9cb3d9b,anonymous,6/10/2022,18:30,Student/Looking/None,Yes,0-40k,Other (Please Specify):i`m currently student,R,2,10,Female,29,Other (Please Specify):Germany
62a3c7f1bc6861bf3177b06e,anonymous,6/10/2022,18:38,Other (Please Specify):PMO,No,41k-65k,Tech,C/C++,7,7,Female,43,Other (Please Specify):Singapore
62a3c8652e54c9003e54103e,anonymous,6/10/2022,18:40,Data Analyst,Yes,0-40k,Finance,Python,0,5,Male,26,Other (Please Specify):Antigua 
62a3ca44bae91e4b8b83dcd4,anonymous,6/10/2022,18:48,Student/Looking/None,No,41k-65k,Tech,Other:SQL,7,8,Female,47,United States
62a3cafff8d5efcc22f8b5cb,anonymous,6/10/2022,18:51,Student/Looking/None,Yes,0-40k,Finance,Python,,,Male,23,Other (Please Specify):Nigeria 
62a3cbfef8d5efcc22f8b6f1,anonymous,6/10/2022,18:55,Data Analyst,Yes,0-40k,Tech,Python,0,1,Male,25,Other (Please Specify):Egypt
62a3cde8f8f7561645861366,anonymous,6/10/2022,19:04,Other (Please Specify):System Administrator,No,0-40k,Finance,Python,6,6,Male,32,Other (Please Specify):Poland
62a3cfed0f8c8599d5b00b12,anonymous,6/10/2022,19:12,Data Analyst,Yes,0-40k,Finance,Python,1,10,Female,25,United States
62a3d21ef3072dd8926314d1,anonymous,6/10/2022,19:22,Data Analyst,No,0-40k,Finance,Python,1,2,Female,29,Other (Please Specify):Venezuela
62a3d37c0a77c1a77f66bc0e,anonymous,6/10/2022,19:27,Data Analyst,No,41k-65k,Healthcare,Other:SQL,3,7,Female,33,United States
62a3d8dbf8f7561645861f9d,anonymous,6/10/2022,19:50,Data Analyst,No,106k-125k,Education,Python,6,10,Male,36,United States
62a3d9697dc029e2d66cf087,anonymous,6/10/2022,19:53,Data Analyst,Yes,41k-65k,Healthcare,Python,4,10,Male,25,United States
62a3dac9f3072dd892631e12,anonymous,6/10/2022,19:59,Data Scientist,No,150k-225k,Other (Please Specify),Python,8,7,Male,38,United States
62a3dc3ab4da29969c63e3d7,anonymous,6/10/2022,20:05,Data Analyst,Yes,66k-85k,Other (Please Specify):Oil and gas,R,3,2,Male,30,United States
62a3e2abf8f75616458628d1,anonymous,6/10/2022,20:32,Data Analyst,Yes,41k-65k,Tech,Python,3,5,Male,35,United States
62a3e32bd8c00e9f541ad5f0,anonymous,6/10/2022,20:34,Other (Please Specify):Teacher,No,41k-65k,Education,Other:SQL because that is all I know really well so far. ,0,1,Female,42,United States
62a3ecf7bc6861bf3177d5c2,anonymous,6/10/2022,21:16,Data Analyst,Yes,66k-85k,Healthcare,Python,3,5,Male,30,United States
62a3eea9bae91e4b8b8401a4,anonymous,6/10/2022,21:23,Student/Looking/None,Yes,0-40k,Other (Please Specify):None,Python,0,0,Female,25,Other (Please Specify):Nigeria
62a3f39df8d5efcc22f8ddc2,anonymous,6/10/2022,21:45,Data Analyst,No,86k-105k,Healthcare,Python,5,9,Female,28,United States
62a3f6a25d257a28a30e9d02,anonymous,6/10/2022,21:57,Data Analyst,Yes,0-40k,Other (Please Specify):Manuf,Python,5,10,Male,28,Canada
62a3f6d9bae91e4b8b8408ca,anonymous,6/10/2022,21:58,Student/Looking/None,No,0-40k,Other (Please Specify):Student,Other:Sql,0,0,Male,20,Other (Please Specify):Malaysia
62a3fc7c7dc029e2d66d10e8,anonymous,6/10/2022,22:22,Data Analyst,Yes,106k-125k,Construction,Other:VBA,7,8,Male,33,United States
62a3fe0d5d257a28a30ea3c8,anonymous,6/10/2022,22:29,Data Analyst,No,66k-85k,Tech,Python,8,6,Male,23,United States
62a3fea50a77c1a77f66e41b,anonymous,6/10/2022,22:32,Data Analyst,Yes,0-40k,Healthcare,R,4,5,Female,35,Other (Please Specify):Brazik
62a40276bc6861bf3177e6fd,anonymous,6/10/2022,22:48,Student/Looking/None,Yes,0-40k,Other (Please Specify):Automobile Industry,Python,2,2,Male,22,India
62a403bbf8d5efcc22f8eb18,anonymous,6/10/2022,22:53,Data Analyst,Yes,0-40k,Tech,Python,5,10,Male,33,India
62a403d30f8c8599d5b03d65,anonymous,6/10/2022,22:54,Data Engineer,No,0-40k,Real Estate,Python,1,7,Male,22,United States
62a4044acf25554317312a81,anonymous,6/10/2022,22:56,Data Analyst,Yes,86k-105k,Other (Please Specify):Distribution,R,7,8,Male,35,United States
62a4061bf408bae018ee5deb,anonymous,6/10/2022,23:03,Data Analyst,Yes,66k-85k,Agriculture,Other:SQL,8,5,Female,37,United States
62a40726575fa3a5ae89d990,anonymous,6/10/2022,23:08,Student/Looking/None,Yes,0-40k,Finance,Python,4,,Male,22,United States
62a4098124a2626027394ddc,anonymous,6/10/2022,23:18,Data Analyst,Yes,66k-85k,Healthcare,Python,10,10,Male,36,United States
62a40c99575fa3a5ae89de4b,anonymous,6/10/2022,23:31,Data Scientist,Yes,86k-105k,Other (Please Specify):Fmcg,Python,6,5,Male,26,India
62a40d86d8c00e9f541afb5e,anonymous,6/10/2022,23:35,Data Analyst,Yes,0-40k,Other (Please Specify):Market research,R,3,2,Female,25,Other (Please Specify):South Korea
62a40da3cf255543173132e2,anonymous,6/10/2022,23:36,Data Analyst,Yes,41k-65k,Other (Please Specify):NGO - Legislation ,R,4,6,Female,34,United States
62a40dfa5d257a28a30eb110,anonymous,6/10/2022,23:37,Data Analyst,Yes,0-40k,Other (Please Specify):Culinary,Python,4,8,Male,33,Other (Please Specify):Chile
62a410b5cec54911e9cb8262,anonymous,6/10/2022,23:49,Student/Looking/None,No,41k-65k,Other (Please Specify):Retail,Python,0,4,Male,37,United States
62a41135bc6861bf3177f3d8,anonymous,6/10/2022,23:51,Data Analyst,No,66k-85k,Other (Please Specify):Marketing,Python,5,5,Female,54,United States
62a41795cec54911e9cb8854,anonymous,6/11/2022,0:18,Data Analyst,Yes,0-40k,Finance,Python,2,,Male,26,India
62a41964d8c00e9f541b061d,anonymous,6/11/2022,0:26,Data Analyst,No,41k-65k,Education,R,4,7,Female,27,United States
62a41968f8d5efcc22f8fd44,anonymous,6/11/2022,0:26,Database Developer,Yes,0-40k,Telecommunication,Other:Sql,2,3,Male,24,United Kingdom
62a41e23bc6861bf3177fffb,anonymous,6/11/2022,0:46,Data Analyst,Yes,0-40k,Finance,Python,5,5,Male,24,Other (Please Specify):Egypt
62a421cebc6861bf317803f5,anonymous,6/11/2022,1:02,Other (Please Specify):Consultant,Yes,0-40k,Other (Please Specify):Consulting,Python,3,4,Male,27,Other (Please Specify):Panama
62a42243f8d5efcc22f90c55,anonymous,6/11/2022,1:04,Student/Looking/None,No,0-40k,Other (Please Specify):none,Python,0,0,Male,25,Other (Please Specify):indonesia
62a424ccd8c00e9f541b114e,anonymous,6/11/2022,1:14,Data Analyst,Yes,0-40k,Tech,Python,1,7,Female,28,United Kingdom
62a42527b4da29969c6423f7,anonymous,6/11/2022,1:16,Other (Please Specify):Business Intelligence Developer,No,41k-65k,Education,Python,3,6,Male,21,United States
62a425ec2e54c9003e5467bf,anonymous,6/11/2022,1:19,Data Analyst,Yes,86k-105k,Healthcare,Other,4,4,Female,28,United States
62a427190a77c1a77f67095c,anonymous,6/11/2022,1:24,Data Analyst,Yes,0-40k,Tech,Python,3,5,Male,30,Other (Please Specify):Ghana
62a429f0f3072dd892636396,anonymous,6/11/2022,1:36,Data Analyst,No,0-40k,Education,Python,0,10,Male,24,Other (Please Specify):Angola
62a42d6ef8d5efcc22f9178a,anonymous,6/11/2022,1:51,Data Analyst,Yes,0-40k,Healthcare,Python,7,4,Male,26,India
62a436fd24a2626027397c93,anonymous,6/11/2022,2:32,Data Analyst,Yes,0-40k,Tech,Python,,,Female,19,Other (Please Specify):Bangladesh 
62a43e86f408bae018ee913a,anonymous,6/11/2022,3:04,Student/Looking/None,No,0-40k,Other (Please Specify):Customer support ,Python,5,6,Female,92,India
62a43ed4f8d5efcc22f92d0a,anonymous,6/11/2022,3:05,Data Analyst,Yes,0-40k,Healthcare,Python,1,8,Male,28,Other (Please Specify):Nigeria
62a43f43f408bae018ee9281,anonymous,6/11/2022,3:07,Student/Looking/None,Yes,0-40k,Education,Python,0,1,Female,24,India
62a440ab575fa3a5ae8a1418,anonymous,6/11/2022,3:13,Other (Please Specify):Informatics Specialist,No,41k-65k,Healthcare,Python,7,10,Male,25,United States
62a441e3575fa3a5ae8a1552,anonymous,6/11/2022,3:18,Data Analyst,Yes,41k-65k,Finance,Python,4,5,Male,42,United Kingdom
62a446faf8f7561645868c60,anonymous,6/11/2022,3:40,Data Analyst,Yes,0-40k,Tech,Python,2,3,Male,21,India
62a448832e54c9003e5491c5,anonymous,6/11/2022,3:47,Data Analyst,No,66k-85k,Healthcare,Python,7,8,Male,24,United States
62a44ae2f8f7561645869335,anonymous,6/11/2022,3:57,Data Analyst,Yes,41k-65k,Healthcare,Python,4,7,Female,26,United States
62a44bc7bc6861bf31783829,anonymous,6/11/2022,4:01,Data Analyst,Yes,0-40k,Other (Please Specify):Cosmetics ,Python,2,8,Male,30,United Kingdom
62a44ea3f408bae018eea62a,anonymous,6/11/2022,4:13,Data Engineer,Yes,86k-105k,Other (Please Specify):Digital Mar,Other:SQL,6,10,Male,27,United States
62a4514ff408bae018eea94d,anonymous,6/11/2022,4:24,Data Engineer,Yes,0-40k,Tech,Python,0,4,Male,28,India
62a45a140a77c1a77f67469d,anonymous,6/11/2022,5:02,Data Analyst,No,66k-85k,Real Estate,Other:SQL,6,8,Female,29,United Kingdom
62a45c8bf3072dd89263a493,anonymous,6/11/2022,5:12,Data Analyst,No,0-40k,Other (Please Specify):Home maker ,Python,0,0,Female,26,India
62a45f8c0f8c8599d5b09d40,anonymous,6/11/2022,5:25,Data Engineer,Yes,0-40k,Finance,Python,3,3,Male,29,Other (Please Specify):Africa (Nigeria)
62a4604d0a77c1a77f674e29,anonymous,6/11/2022,5:28,Other (Please Specify):Business Analys,No,66k-85k,Finance,Other:None,3,5,Male,60,United Kingdom
62a46a66f8d5efcc22f95a7a,anonymous,6/11/2022,6:11,Data Analyst,Yes,0-40k,Healthcare,Python,5,8,Male,25,Other (Please Specify):Nigeria 
62a46ad7d8c00e9f541b664a,anonymous,6/11/2022,6:13,Other (Please Specify):Finance Analyst ,No,0-40k,Construction,R,0,0,Female,37,Other (Please Specify):Nigeria 
62a46dbecf25554317319e48,anonymous,6/11/2022,6:26,Data Analyst,Yes,66k-85k,Finance,Python,6,8,Female,30,Canada
62a475dcf408bae018eed15c,anonymous,6/11/2022,7:00,Data Analyst,Yes,0-40k,Healthcare,Python,0,1,Female,27,Other (Please Specify):Nigeria 
62a477f0b4da29969c64892f,anonymous,6/11/2022,7:09,Data Scientist,Yes,225k+,Tech,R,5,6,Male,31,United States
62a47947cec54911e9cbf6b2,anonymous,6/11/2022,7:15,Student/Looking/None,No,0-40k,Other (Please Specify):I am student. ,R,10,10,Male,24,United Kingdom
62a47c587dc029e2d66d9782,anonymous,6/11/2022,7:28,Data Analyst,No,0-40k,Finance,Other:MATLAB,0,6,Female,20,United States
62a47e3ef3072dd89263c8c0,anonymous,6/11/2022,7:36,Other (Please Specify):Web Developer,No,0-40k,Tech,R,2,1,Male,24,India
62a47e812e54c9003e54d789,anonymous,6/11/2022,7:37,Student/Looking/None,Yes,0-40k,Other (Please Specify):Manufacturing,R,3,6,Male,24,Other (Please Specify):Romania
62a47ea87dc029e2d66d9b60,anonymous,6/11/2022,7:38,Student/Looking/None,No,0-40k,"Other (Please Specify):Unemployed, trying to switch career",R,0,1,Male,41,Other (Please Specify):Spain
62a47f1e0a77c1a77f677174,anonymous,6/11/2022,7:40,Data Analyst,Yes,86k-105k,Tech,R,8,8,Male,41,United States
62a48566b4da29969c64995a,anonymous,6/11/2022,8:07,Other (Please Specify):Manager ,No,150k-225k,Other (Please Specify):Retail,Python,9,8,Male,43,United States
62a48612d8c00e9f541b86b8,anonymous,6/11/2022,8:09,Data Analyst,No,66k-85k,Healthcare,Python,7,7,Female,38,United States
62a487167dc029e2d66da73e,anonymous,6/11/2022,8:14,Data Analyst,Yes,0-40k,Other (Please Specify):Retail,Python,5,5,Female,28,Other (Please Specify):Philippines
62a488197dc029e2d66da8a1,anonymous,6/11/2022,8:18,Data Analyst,Yes,86k-105k,Healthcare,Python,10,8,Female,31,Other (Please Specify):Germany
62a48c4c24a262602739e141,anonymous,6/11/2022,8:36,Data Analyst,Yes,86k-105k,Other (Please Specify):Government,Other:SAS,8,7,Female,28,United States
62a48cbdf408bae018eeeccf,anonymous,6/11/2022,8:38,Data Analyst,No,41k-65k,Healthcare,C/C++,7,8,Male,23,United States
62a48d4df8d5efcc22f98308,anonymous,6/11/2022,8:40,Data Analyst,No,41k-65k,Other (Please Specify):Utilities ,Python,5,5,Male,25,United Kingdom
62a48d562e54c9003e54ea2b,anonymous,6/11/2022,8:40,Other (Please Specify):Junior Software Engineer,No,0-40k,Tech,R,2,5,Male,26,Other (Please Specify):Poland
62a48da6b4da29969c64a3a5,anonymous,6/11/2022,8:42,Data Scientist,Yes,125k-150k,Finance,Python,9,4,Male,35,United States
62a49012f408bae018eef16d,anonymous,6/11/2022,8:52,Data Analyst,Yes,106k-125k,Other (Please Specify):Retail,R,8,9,Male,30,Other (Please Specify):Denmark
62a491b3b4da29969c64a89e,anonymous,6/11/2022,8:59,Data Analyst,Yes,86k-105k,Tech,R,3,,Male,35,United Kingdom
62a4926ef408bae018eef4ee,anonymous,6/11/2022,9:02,Data Analyst,Yes,0-40k,Telecommunication,Python,0,8,Male,28,Other (Please Specify):Panama
62a495d724a262602739ee07,anonymous,6/11/2022,9:17,Student/Looking/None,No,0-40k,Tech,Python,0,2,Female,24,Other (Please Specify):Nigeria
62a49b3cb4da29969c64b5dc,anonymous,6/11/2022,9:40,Data Analyst,Yes,41k-65k,Tech,Python,8,10,Female,34,United States
62a49e087dc029e2d66dc57e,anonymous,6/11/2022,9:52,Data Analyst,Yes,41k-65k,Tech,Python,3,5,Female,31,Other (Please Specify):Germany
62a49e47b4da29969c64b9f9,anonymous,6/11/2022,9:53,Data Analyst,Yes,0-40k,Tech,Python,0,0,Male,30,United Kingdom
62a49e5f24a262602739f9af,anonymous,6/11/2022,9:53,Data Engineer,Yes,86k-105k,Other (Please Specify):Logistics,JavaScript,4,4,Male,40,United Kingdom
62a49fe7b4da29969c64bbe1,anonymous,6/11/2022,10:00,Data Analyst,No,41k-65k,Other (Please Specify):Consulting,R,4,10,Male,26,United States
62a4a3d4f8d5efcc22f9a051,anonymous,6/11/2022,10:16,Data Analyst,No,125k-150k,Healthcare,R,9,9,Male,25,United States
62a4a8cb0a77c1a77f67a405,anonymous,6/11/2022,10:38,Data Analyst,Yes,0-40k,Other (Please Specify):Maritime,Other:Sql,,5,Male,45,Other (Please Specify):Greece
62a4abb30f8c8599d5b0fc24,anonymous,6/11/2022,10:50,Data Analyst,No,41k-65k,Finance,R,7,9,Male,26,United States
62a4afd87dc029e2d66ddb24,anonymous,6/11/2022,11:08,Data Scientist,No,0-40k,Finance,Python,7,7,Male,26,India
62a4b085cec54911e9cc3afe,anonymous,6/11/2022,11:11,Other (Please Specify):Researchers ,Yes,0-40k,Finance,Python,3,2,Male,23,India
62a4b23f5d257a28a30f6b8c,anonymous,6/11/2022,11:18,Data Engineer,Yes,106k-125k,Tech,Python,4,4,Male,25,India
62a4b29a5d257a28a30f6c63,anonymous,6/11/2022,11:19,Data Analyst,Yes,41k-65k,Healthcare,R,4,5,Female,33,United States
62a4b2e5f8f75616458712af,anonymous,6/11/2022,11:21,Other (Please Specify):Senior Business Analyst,No,0-40k,Other (Please Specify):Ecommerce,Other:Sql,6,3,Male,33,India
62a4b6c30a77c1a77f67b54c,anonymous,6/11/2022,11:37,Data Analyst,Yes,86k-105k,Healthcare,R,7,8,Male,27,United States
62a4bf07b4da29969c64e4f8,anonymous,6/11/2022,12:12,Data Analyst,Yes,106k-125k,Tech,Python,9,9,Female,28,United States
62a4bf3a0a77c1a77f67bef2,anonymous,6/11/2022,12:13,Data Analyst,Yes,66k-85k,Tech,Python,5,6,Male,32,United States
62a4c49a575fa3a5ae8aadf4,anonymous,6/11/2022,12:36,Data Analyst,Yes,0-40k,Tech,Python,2,6,Male,35,India
62a4c57af3072dd8926421ac,anonymous,6/11/2022,12:40,Data Analyst,Yes,86k-105k,Real Estate,Python,8,9,Male,34,United States
62a4c6060a77c1a77f67c772,anonymous,6/11/2022,12:42,Data Analyst,No,41k-65k,Other (Please Specify):Electronics,Python,9,8,Male,27,Other (Please Specify):Germany
62a4c7d0f8f7561645872912,anonymous,6/11/2022,12:50,Other (Please Specify):Data Coordinator,Yes,66k-85k,Education,R,4,5,Female,30,United States
62a4cdfad8c00e9f541bdc6b,anonymous,6/11/2022,13:16,Data Analyst,No,66k-85k,Other (Please Specify):Logistics and warehousing,Python,8,9,Male,34,United States
62a4ce2bbae91e4b8b84f3db,anonymous,6/11/2022,13:17,Other (Please Specify):Student working as a data analyst intern ,No,41k-65k,Other (Please Specify):Utilities,Python,3,10,Female,22,United States
62a4cffeb4da29969c64f6a1,anonymous,6/11/2022,13:25,Data Analyst,Yes,0-40k,Finance,Python,2,2,Female,33,India
62a4d08bf3072dd892642d2c,anonymous,6/11/2022,13:27,Data Analyst,No,0-40k,Finance,Python,8,9,Female,26,India
62a4d13bbae91e4b8b84f89b,anonymous,6/11/2022,13:30,Data Engineer,Yes,0-40k,Tech,Python,0,5,Male,28,Other (Please Specify):Argentina
62a4d74c5d257a28a30f97fc,anonymous,6/11/2022,13:56,Other (Please Specify):Driver,No,0-40k,Other (Please Specify):Public transport,Python,2,2,Male,42,United Kingdom
62a4d7f6bae91e4b8b84ffed,anonymous,6/11/2022,13:59,Data Analyst,No,0-40k,Other (Please Specify):Urbanism,R,4,10,Male,30,Other (Please Specify):Morocco
62a4d9d4bae91e4b8b8501f1,anonymous,6/11/2022,14:07,Data Scientist,Yes,106k-125k,Tech,Other:Sql,10,9,Male,25,United States
62a4dd63f408bae018ef4e51,anonymous,6/11/2022,14:22,Data Analyst,Yes,41k-65k,Construction,Python,4,6,Male,32,United States
62a4e34d7dc029e2d66e10b9,anonymous,6/11/2022,14:47,Data Analyst,No,0-40k,Tech,Python,3,4,Male,31,Other (Please Specify):Germany
62a4e4c90f8c8599d5b13d8f,anonymous,6/11/2022,14:54,Data Analyst,Yes,150k-225k,Education,Python,8,7,Male,30,Other (Please Specify):UAE
62a4e5aed8c00e9f541bf48c,anonymous,6/11/2022,14:57,Student/Looking/None,Yes,0-40k,Other (Please Specify):Reta,Python,0,6,Male,23,Canada
62a4f6eef3072dd892645775,anonymous,6/11/2022,16:11,Other (Please Specify):Data manager,No,66k-85k,Education,R,7,7,Female,31,United Kingdom
62a4fe370f8c8599d5b158c4,anonymous,6/11/2022,16:42,Data Analyst,No,41k-65k,Other (Please Specify):Avia,Python,7,5,Female,29,Other (Please Specify):Fin
62a5008c5d257a28a30fbde5,anonymous,6/11/2022,16:52,Data Analyst,Yes,0-40k,Tech,Python,5,4,Male,24,Other (Please Specify):Nigeria
62a5038acec54911e9cc9526,anonymous,6/11/2022,17:05,Other (Please Specify):GIS Analyst ,No,41k-65k,Other (Please Specify):State,Python,2,7,Male,36,United States
62a50775f8f756164587677b,anonymous,6/11/2022,17:21,Data Analyst,Yes,41k-65k,Real Estate,R,4,6,Female,32,United States
62a50eddf8d5efcc22fa1a4e,anonymous,6/11/2022,17:53,Other (Please Specify):Business Analyst,Yes,86k-105k,Healthcare,Python,8,9,Female,36,United States
62a511acbc6861bf3179178a,anonymous,6/11/2022,18:05,Data Engineer,No,106k-125k,Healthcare,Other:SQL,8,6,Male,30,United States
62a5177d18134ddc75d0e9d8,anonymous,6/11/2022,18:30,Student/Looking/None,Yes,0-40k,Other (Please Specify):Looking for job,R,0,2,Male,42,Other (Please Specify):Sudan
62a51aaacec54911e9cca93b,anonymous,6/11/2022,18:43,Data Analyst,Yes,86k-105k,Healthcare,Other:DAX,6,6,Male,53,Other (Please Specify):Austr
62a51dc6575fa3a5ae8b09f3,anonymous,6/11/2022,18:57,Data Analyst,No,0-40k,Finance,Python,1,7,Male,25,Other (Please Specify):Kenya
62a51fe0575fa3a5ae8b0c06,anonymous,6/11/2022,19:06,Data Analyst,No,0-40k,Healthcare,Python,1,5,Male,23,Other (Please Specify):Leba
62a525aff8f75616458784dd,anonymous,6/11/2022,19:30,Data Analyst,Yes,0-40k,Agriculture,Python,2,1,Male,36,Other (Please Specify):Saudi Arabia
62a52629b4da29969c654a94,anonymous,6/11/2022,19:32,Data Analyst,Yes,41k-65k,Healthcare,Other:Sql &  plsql,,,Male,32,Other (Please Specify):United Arab Emirates 
62a52725d8c00e9f541c3b4a,anonymous,6/11/2022,19:37,Data Analyst,No,86k-105k,Finance,Python,3,6,Male,25,United States
62a5390cb4da29969c655ccc,anonymous,6/11/2022,20:53,Data Engineer,Yes,41k-65k,Tech,Python,4,4,Female,35,United Kingdom
62a53bc0bc6861bf31793947,anonymous,6/11/2022,21:05,Data Analyst,Yes,66k-85k,Other (Please Specify):Sensors,R,3,4,Male,26,United States
62a53c84f3072dd8926495c9,anonymous,6/11/2022,21:08,Student/Looking/None,No,0-40k,Tech,Python,2,7,Male,22,United States
62a54bccf3072dd89264a13b,anonymous,6/11/2022,22:13,Data Scientist,Yes,86k-105k,Other (Please Specify):Automotive,Python,6,8,Male,30,Canada
62a54f20d8c00e9f541c5cfa,anonymous,6/11/2022,22:27,Data Analyst,Yes,66k-85k,Other (Please Specify):Supply Chain,Python,2,8,Male,36,United States
62a552e1cf2555431732922d,anonymous,6/11/2022,22:43,Data Analyst,Yes,66k-85k,Healthcare,R,4,4,Female,30,United States
62a557d10f8c8599d5b1a81c,anonymous,6/11/2022,23:04,Data Scientist,Yes,106k-125k,Finance,Python,9,8,Male,29,United States
62a55b05f8d5efcc22fa5b65,anonymous,6/11/2022,23:18,Other (Please Specify):Business Intelligence Analyst,Yes,66k-85k,Other (Please Specify):Professional Services,R,8,10,Male,30,United States
62a55fe1f8d5efcc22fa5fe4,anonymous,6/11/2022,23:39,Data Engineer,No,41k-65k,Finance,Python,0,6,Male,24,United States
62a56bc67dc029e2d66e86c0,anonymous,6/12/2022,0:29,Data Engineer,Yes,225k+,Tech,Other:Sql,3,3,Male,33,United States
62a57116f408bae018efd56a,anonymous,6/12/2022,0:52,Data Analyst,No,106k-125k,Other (Please Specify):Food and bece,Python,10,10,Female,42,United States
62a57263cec54911e9ccf648,anonymous,6/12/2022,0:58,Data Analyst,Yes,41k-65k,Healthcare,Python,1,10,Female,36,United States
62a574b3b4da29969c658eb4,anonymous,6/12/2022,1:08,Data Analyst,Yes,41k-65k,Other (Please Specify):Research (non-clincial),Python,2,3,Male,27,United States
62a58b267dc029e2d66ea3f8,anonymous,6/12/2022,2:43,Data Analyst,No,0-40k,Tech,Python,8,7,Female,21,India
62a58d20575fa3a5ae8b6969,anonymous,6/12/2022,2:52,Data Analyst,Yes,41k-65k,Healthcare,Python,8,5,Female,34,Other (Please Specify):Israel
62a58faf2e54c9003e55ef2e,anonymous,6/12/2022,3:03,Student/Looking/None,No,0-40k,Education,Python,2,5,Male,27,Other (Please Specify):Netherlands
62a5998fbc6861bf31798ef0,anonymous,6/12/2022,3:45,Other (Please Specify):BI consultant ,Yes,0-40k,Tech,Python,7,8,Male,27,Other (Please Specify):France
62a59cd2cec54911e9cd251a,anonymous,6/12/2022,3:59,Student/Looking/None,No,0-40k,Education,R,1,1,Male,30,Other (Please Specify):Kenya
62a59d007dc029e2d66eb8f9,anonymous,6/12/2022,4:00,Data Analyst,Yes,66k-85k,Other (Please Specify):Gover,Other:SQL,2,0,Female,33,United States
62a5a124cec54911e9cd29f5,anonymous,6/12/2022,4:17,Data Analyst,Yes,86k-105k,Finance,Python,3,3,Male,47,India
62a5a44b24a26260273af0fc,anonymous,6/12/2022,4:31,Data Analyst,Yes,66k-85k,Other (Please Specify):Retail,Other:SQL,4,5,Male,27,United States
62a5a931cec54911e9cd3333,anonymous,6/12/2022,4:52,Data Analyst,No,0-40k,Healthcare,Python,6,7,Male,26,India
62a5bea05d257a28a3106f7e,anonymous,6/12/2022,6:23,Data Analyst,No,0-40k,Finance,Python,2,3,Female,35,India
62a5c571575fa3a5ae8baaa1,anonymous,6/12/2022,6:52,Data Analyst,Yes,86k-105k,Education,Python,0,1,Male,31,United States
62a5cb12cf25554317330d69,anonymous,6/12/2022,7:16,Data Analyst,Yes,0-40k,Education,Python,2,1,Male,25,Other (Please Specify):Zambia
62a5cba2575fa3a5ae8bb122,anonymous,6/12/2022,7:18,Data Engineer,Yes,66k-85k,Real Estate,Python,3,10,Male,27,United States
62a5d350f3072dd892652c70,anonymous,6/12/2022,7:51,Data Analyst,Yes,41k-65k,Tech,Python,5,8,Male,32,Other (Please Specify):Netherlands
62a5db29cf2555431733248f,anonymous,6/12/2022,8:25,Student/Looking/None,Yes,0-40k,Real Estate,Python,0,3,Male,47,Other (Please Specify):Portugal
62a5e69f24a26260273b42bf,anonymous,6/12/2022,9:14,Other (Please Specify):DBA,No,66k-85k,Finance,Python,0,10,Female,30,United States
62a5ea667dc029e2d66f153d,anonymous,6/12/2022,9:30,Data Analyst,Yes,106k-125k,Other (Please Specify):Defense,Python,8,6,Female,35,United States
62a5ebe05d257a28a310ac53,anonymous,6/12/2022,9:36,Data Analyst,Yes,41k-65k,Finance,Python,6,9,Male,25,United States
62a5edb2575fa3a5ae8bdba5,anonymous,6/12/2022,9:44,Other (Please Specify):Data Steward,No,66k-85k,Other (Please Specify):Foodservice,Python,3,6,Male,27,United States
62a5edba0a77c1a77f68f1b5,anonymous,6/12/2022,9:44,Data Analyst,Yes,41k-65k,Healthcare,R,1,5,Female,27,United States
62a5f332bc6861bf3179f631,anonymous,6/12/2022,10:07,Student/Looking/None,No,0-40k,Other (Please Specify):Data insights company,Python,1,8,Female,23,India
62a5f872bae91e4b8b861e53,anonymous,6/12/2022,10:30,Data Scientist,No,41k-65k,Other (Please Specify):Manuf,Python,9,10,Male,18,United States
62a609b8f8f75616458875b7,anonymous,6/12/2022,11:43,Data Analyst,Yes,0-40k,Healthcare,Python,8,10,Female,28,Other (Please Specify):Costa Rica 
62a609c4bc6861bf317a10a3,anonymous,6/12/2022,11:44,Other (Please Specify):Analytics Manager,Yes,125k-150k,Healthcare,Python,7,6,Male,28,United States
62a61076f8f7561645887ded,anonymous,6/12/2022,12:12,Student/Looking/None,No,0-40k,Other (Please Specify):Not currently working,Python,0,0,Female,26,United States
62a615fd18134ddc75d1f1fa,anonymous,6/12/2022,12:36,Student/Looking/None,No,0-40k,Education,Python,0,0,Male,27,Other (Please Specify):ghana
62a617c30a77c1a77f6925fc,anonymous,6/12/2022,12:43,Data Analyst,No,41k-65k,Tech,Python,9,7,Female,22,India
62a618a9d8c00e9f541d3537,anonymous,6/12/2022,12:47,Data Analyst,Yes,0-40k,Tech,R,0,8,Male,27,United States
62a61eb02e54c9003e5697f7,anonymous,6/12/2022,13:13,Data Engineer,Yes,0-40k,Other (Please Specify):Food and Beverages,Python,5,7,Male,28,India
62a6246df3072dd892659218,anonymous,6/12/2022,13:37,Data Analyst,Yes,0-40k,Tech,Python,3,2,Male,25,Other (Please Specify):Nigeria
62a62a7124a26260273b94fa,anonymous,6/12/2022,14:03,Data Analyst,No,0-40k,Healthcare,Python,2,6,Male,32,United Kingdom
62a631782e54c9003e56ac36,anonymous,6/12/2022,14:33,Student/Looking/None,Yes,0-40k,Finance,Other:SQL,7,9,Male,33,Other (Please Specify):Uruguay
62a633b4d8c00e9f541d54a4,anonymous,6/12/2022,14:43,Data Analyst,No,41k-65k,Other (Please Specify):Government Administration,Python,5,6,Male,23,Canada
62a639e05d257a28a3110ef5,anonymous,6/12/2022,15:09,Student/Looking/None,Yes,0-40k,Finance,R,4,5,Female,40,Other (Please Specify):Nigeria
62a642690f8c8599d5b2ab37,anonymous,6/12/2022,15:45,Data Analyst,Yes,41k-65k,Other (Please Specify):Outsourcing ,Python,7,9,Female,28,United Kingdom
62a64b4dd8c00e9f541d6d81,anonymous,6/12/2022,16:23,Data Analyst,No,0-40k,Real Estate,R,3,7,Male,26,Other (Please Specify):Nigeria
62a64c6ecf2555431733a7a4,anonymous,6/12/2022,16:28,Other (Please Specify):Technical consulta,Yes,0-40k,Tech,Python,3,5,Female,24,India
62a654165d257a28a3112ac9,anonymous,6/12/2022,17:01,"Other (Please Specify):Software Engineer, AI ",Yes,86k-105k,Finance,Python,7,5,Female,40,United States
62a65618d8c00e9f541d783a,anonymous,6/12/2022,17:09,Data Analyst,Yes,66k-85k,Other (Please Specify):Consulting,Python,8,10,Male,26,United States
62a65db824a26260273bc9ff,anonymous,6/12/2022,17:42,Data Scientist,Yes,41k-65k,Other (Please Specify):Cobsukting,Python,8,8,Female,44,United Kingdom
62a66558cf2555431733c0f9,anonymous,6/12/2022,18:14,Other (Please Specify):Systems configuration ,Yes,66k-85k,Other (Please Specify):Insurance ,Python,7,9,Male,36,United States
62a6772c18134ddc75d25895,anonymous,6/12/2022,19:30,Other (Please Specify):Business Analyst ,Yes,0-40k,Other (Please Specify):Workforce ,Python,1,5,Male,30,Other (Please Specify):Costa Rica
62a68f1e0a77c1a77f69a381,anonymous,6/12/2022,21:13,Other (Please Specify):Sales & marketing,Yes,0-40k,Other (Please Specify):General contractor,Python,3,3,Male,48,Other (Please Specify):Indonesia
62a6a11a0a77c1a77f69b7cb,anonymous,6/12/2022,22:29,Data Analyst,Yes,41k-65k,Construction,Other:Php,1,4,Female,30,Canada
62a6ac1524a26260273c1cd0,anonymous,6/12/2022,23:16,Other (Please Specify):RF Engineer,No,0-40k,Telecommunication,Python,3,8,Male,28,India
62a6b0790a77c1a77f69cb15,anonymous,6/12/2022,23:35,Other (Please Specify):Support Engineer,No,0-40k,Tech,Python,5,8,Male,25,India
62a6bc6a18134ddc75d2a726,anonymous,6/13/2022,0:26,Other (Please Specify):Analytics Engineer,No,106k-125k,Tech,Other:SQL,6,5,Male,24,United States
62a6c3d9cec54911e9ce7669,anonymous,6/13/2022,0:58,Data Analyst,Yes,41k-65k,Other (Please Specify):Nonprofit,Python,5,10,Male,31,United States
62a6d037cec54911e9ce862a,anonymous,6/13/2022,1:50,Data Engineer,No,0-40k,Real Estate,Python,3,3,Male,23,United Kingdom
62a6d2532e54c9003e575d9c,anonymous,6/13/2022,1:59,Data Analyst,No,41k-65k,Other (Please Specify):Police / Emergency Services,Other:DAX,1,4,Female,48,United Kingdom
62a6dbcad8c00e9f541e1050,anonymous,6/13/2022,2:40,Data Analyst,Yes,66k-85k,Healthcare,Python,6,9,Male,28,United States
62a6e2815d257a28a311c8f9,anonymous,6/13/2022,3:08,Data Analyst,Yes,41k-65k,Other (Please Specify):Retail,Python,5,7,Male,32,United Kingdom
62a6ea03d8c00e9f541e3594,anonymous,6/13/2022,3:40,Data Scientist,Yes,41k-65k,Finance,Python,5,7,Male,30,Other (Please Specify):Hong Kong
62a7029ff8f7561645899bae,anonymous,6/13/2022,5:25,Data Analyst,Yes,0-40k,Other (Please Specify):Insurance,Python,5,5,Male,32,Other (Please Specify):TUNISIA
62a7047c24a26260273c9646,anonymous,6/13/2022,5:33,Data Analyst,Yes,0-40k,Tech,Python,0,3,Female,30,Other (Please Specify):Sri lanka
62a70b55cec54911e9cedd98,anonymous,6/13/2022,6:03,Data Analyst,Yes,0-40k,Other (Please Specify):Manufacturing,Python,4,2,Female,35,Other (Please Specify):Spain
62a71930bae91e4b8b878b2b,anonymous,6/13/2022,7:02,Student/Looking/None,Yes,0-40k,Tech,R,,,Female,38,United Kingdom
62a73a37f8d5efcc22fcb724,anonymous,6/13/2022,9:23,Other (Please Specify):Account manager,Yes,66k-85k,Other (Please Specify):Consumer retail,Python,6,6,Female,30,United States
62a73aa824a26260273d0172,anonymous,6/13/2022,9:24,Data Analyst,Yes,41k-65k,Tech,Python,3,3,Male,48,United States
62a73c5b0a77c1a77f6aba65,anonymous,6/13/2022,9:32,Data Analyst,Yes,66k-85k,Finance,Other:SAS SQL,5,8,Male,32,Canada
62a749ebd8c00e9f541efa36,anonymous,6/13/2022,10:30,Other (Please Specify):Incident Manager,Yes,41k-65k,Telecommunication,Python,4,5,Male,27,India
62a74e28b4da29969c681108,anonymous,6/13/2022,10:48,Other (Please Specify):Product owner,No,41k-65k,Tech,Python,7,9,Male,27,United Kingdom
62a758185d257a28a312bc94,anonymous,6/13/2022,11:30,Student/Looking/None,No,0-40k,Finance,Python,8,7,Male,24,Other (Please Specify):Kenua
62a75a5418134ddc75d3d2f1,anonymous,6/13/2022,11:40,Data Scientist,Yes,150k-225k,Finance,R,9,9,Male,42,United States
62a75ed0f8f75616458a5d1a,anonymous,6/13/2022,11:59,Other (Please Specify):Business Analyst,No,41k-65k,Tech,Python,8,6,Male,24,United States
62a75f1b575fa3a5ae8e0010,anonymous,6/13/2022,12:00,Database Developer,Yes,0-40k,Tech,Python,5,9,Male,23,India
62a764ffd8c00e9f541f3cc3,anonymous,6/13/2022,12:25,Data Analyst,No,0-40k,Tech,Python,7,9,Male,26,India
62a76c962e54c9003e588661,anonymous,6/13/2022,12:57,Data Analyst,No,41k-65k,Other (Please Specify):Home and living,Other:SQL,5,6,Male,32,Other (Please Specify):Germany
62a772da575fa3a5ae8e2a4a,anonymous,6/13/2022,13:24,Other (Please Specify):Presales Engineer ,No,0-40k,Telecommunication,Python,4,3,Male,35,Other (Please Specify):Argentina 
62a7738a2e54c9003e589598,anonymous,6/13/2022,13:27,Data Analyst,Yes,106k-125k,Healthcare,Python,4,3,Male,41,United States
62a77967f8d5efcc22fd4c81,anonymous,6/13/2022,13:52,Other (Please Specify):Predictive Analyst,No,41k-65k,Education,Python,4,9,Male,25,United States
62a77a37f8d5efcc22fd4e47,anonymous,6/13/2022,13:56,Data Analyst,Yes,0-40k,Construction,Python,0,0,Female,28,United States
62a77cb7b4da29969c68743a,anonymous,6/13/2022,14:06,Data Analyst,Yes,41k-65k,Agriculture,Python,3,6,Male,29,United States
62a78743f8f75616458ab6bb,anonymous,6/13/2022,14:51,Student/Looking/None,No,0-40k,Telecommunication,Python,8,10,Male,19,United States
62a789015d257a28a3132977,anonymous,6/13/2022,14:59,Data Analyst,Yes,41k-65k,Other (Please Specify):Insurance ,Python,5,6,Male,27,India
62a78f3bf408bae018f2ef51,anonymous,6/13/2022,15:25,Student/Looking/None,Yes,0-40k,Finance,Python,8,9,Male,25,Other (Please Specify)
62a7988bbae91e4b8b88b8ee,anonymous,6/13/2022,16:05,Data Analyst,Yes,41k-65k,Other (Please Specify):Non Profit Organization,Python,6,10,Female,26,Canada
62a79c9c2e54c9003e58f0d5,anonymous,6/13/2022,16:22,Data Analyst,Yes,0-40k,Healthcare,Python,3,4,Male,25,Other (Please Specify):Spain
62a7b0ae0f8c8599d5b51cd0,anonymous,6/13/2022,17:48,Data Analyst,Yes,0-40k,Other (Please Specify):Manufacturing,Python,6,6,Male,25,Other (Please Specify):Portugal
62a7b283f8d5efcc22fdc189,anonymous,6/13/2022,17:56,Data Analyst,Yes,0-40k,Healthcare,R,2,3,Male,26,Other (Please Specify):Liberia
62a7b296f8d5efcc22fdc1ef,anonymous,6/13/2022,17:56,Data Analyst,Yes,125k-150k,Education,Python,8,8,Male,35,United States
62a7bd0e5d257a28a313855c,anonymous,6/13/2022,18:41,Data Analyst,Yes,86k-105k,Other (Please Specify):Retail,Python,6,7,Male,29,United States
62a7be5e5d257a28a313876a,anonymous,6/13/2022,18:46,Data Analyst,Yes,86k-105k,Tech,Python,7,6,Female,41,United States
62a7ce44575fa3a5ae8ece5f,anonymous,6/13/2022,19:54,Student/Looking/None,No,0-40k,Education,Python,0,6,Female,22,United States
62a7e1380f8c8599d5b55fcf,anonymous,6/13/2022,21:15,Data Analyst,Yes,66k-85k,Healthcare,Other:None,2,6,Male,35,United States
62a7e2d024a26260273e4448,anonymous,6/13/2022,21:22,Data Analyst,Yes,66k-85k,Finance,Python,4,3,Male,30,Other (Please Specify):SG
62a7ed9c0f8c8599d5b57132,anonymous,6/13/2022,22:08,Data Engineer,No,150k-225k,Real Estate,Python,4,6,Male,37,Canada
62a7f09a0f8c8599d5b57526,anonymous,6/13/2022,22:21,Data Analyst,Yes,66k-85k,Other (Please Specify):Air transpo,Python,6,7,Female,28,United States
62a7fb02f8d5efcc22fe2486,anonymous,6/13/2022,23:05,Data Analyst,No,86k-105k,Real Estate,Python,7,5,Male,23,United States
62a816907dc029e2d6725a33,anonymous,6/14/2022,1:03,Student/Looking/None,No,0-40k,Finance,Python,3,4,Male,26,United States
62a84764bc6861bf317d7b86,anonymous,6/14/2022,4:31,Data Analyst,No,66k-85k,Other (Please Specify):Distribution ,Python,2,4,Male,25,Other (Please Specify):Australia
62a84f9af408bae018f41e34,anonymous,6/14/2022,5:06,Data Analyst,No,0-40k,Tech,Python,0,1,Male,23,India
62a85803f8d5efcc22fea92f,anonymous,6/14/2022,5:42,Student/Looking/None,Yes,0-40k,Other (Please Specify):None for now,Other:None at the moment,0,1,Male,53,Other (Please Specify):Nigeria
62a8592f7dc029e2d672c0a8,anonymous,6/14/2022,5:47,Data Engineer,Yes,0-40k,Tech,Python,4,6,Female,33,Other (Please Specify):Romania
62a8643bcec54911e9d14297,anonymous,6/14/2022,6:34,Student/Looking/None,Yes,0-40k,Finance,R,3,5,Male,39,Other (Please Specify)
62a8665c5d257a28a31474f7,anonymous,6/14/2022,6:43,Data Analyst,Yes,0-40k,Healthcare,Other:excel,6,7,Female,22,United Kingdom
62a868c5cf2555431737094b,anonymous,6/14/2022,6:53,Data Analyst,No,41k-65k,Finance,Python,4,7,Male,24,Other (Please Specify):Germany
62a88e9ff8d5efcc22ff1eb6,anonymous,6/14/2022,9:35,Data Architect,No,86k-105k,Other (Please Specify):Energy,Python,5,1,Male,31,Canada
62a89e365d257a28a314fd36,anonymous,6/14/2022,10:41,Data Analyst,Yes,0-40k,Other (Please Specify):Retails,Python,0,0,Male,25,Other (Please Specify):Aisa
62a8b6ffbae91e4b8b8aa5c2,anonymous,6/14/2022,12:27,Student/Looking/None,No,0-40k,Tech,R,4,7,Male,25,India
62a8bf9e575fa3a5ae907617,anonymous,6/14/2022,13:04,Data Analyst,No,0-40k,Tech,Python,3,4,Male,23,India
62a8cd29bc6861bf317ea9a2,anonymous,6/14/2022,14:02,Other (Please Specify):Ads operations,Yes,41k-65k,Other (Please Specify):Digital Marketing ,Other:Sql,6,7,Male,23,India
62a8f477f408bae018f5869d,anonymous,6/14/2022,16:49,Data Analyst,No,86k-105k,Healthcare,Python,8,9,Male,40,United States
62a8fcf5cf25554317384604,anonymous,6/14/2022,17:26,Data Analyst,No,41k-65k,Other (Please Specify):Homelessness,C/C++,5,6,Male,29,United States
62a8fe9abc6861bf317f0c01,anonymous,6/14/2022,17:33,Data Analyst,Yes,0-40k,Tech,Python,1,7,Male,28,India
62a9024d18134ddc75d6e76d,anonymous,6/14/2022,17:49,Data Analyst,Yes,0-40k,Healthcare,R,3,6,Female,28,United Kingdom
62a95253bae91e4b8b8b91d9,anonymous,6/14/2022,23:30,Student/Looking/None,Yes,0-40k,Telecommunication,Python,0,3,Female,26,India
62a960567dc029e2d6749dd8,anonymous,6/15/2022,0:30,Data Engineer,No,41k-65k,Construction,Python,6,8,Male,30,Other (Please Specify):Netherlands
62a9612bf8d5efcc22007c09,anonymous,6/15/2022,0:33,Data Analyst,Yes,66k-85k,Education,Other:SQL,5,9,Male,27,Other (Please Specify):Australia
62a962380f8c8599d5b7e3fb,anonymous,6/15/2022,0:38,Data Analyst,Yes,0-40k,Other (Please Specify):Retail ,Other:None,2,0,Male,28,Other (Please Specify):Nigeria
62a993537dc029e2d674e9b5,anonymous,6/15/2022,4:07,Data Analyst,No,66k-85k,Education,Python,3,3,Female,38,Other (Please Specify):Nigeria
62a9bb81bc6861bf3180079c,anonymous,6/15/2022,6:59,Data Analyst,No,0-40k,Finance,Python,2,6,Male,22,Other (Please Specify):Mexico
62a9c880f408bae018f6aa1b,anonymous,6/15/2022,7:54,Data Analyst,Yes,86k-105k,Other (Please Specify):Energy,Python,7,8,Male,34,United States
62a9e206f3072dd8926bce70,anonymous,6/15/2022,9:43,Data Analyst,No,0-40k,Tech,Python,3,8,Male,26,Other (Please Specify):Indonesia
62a9f0172e54c9003e5cdc25,anonymous,6/15/2022,10:43,Data Analyst,Yes,66k-85k,Tech,Python,5,9,Female,26,Canada
62a9f8a4cf2555431739d694,anonymous,6/15/2022,11:20,Data Engineer,No,66k-85k,Education,Python,10,10,Male,25,Other (Please Specify):Greece
62aa121dcec54911e9d446cc,anonymous,6/15/2022,13:08,Data Scientist,Yes,125k-150k,Tech,Python,5,3,Male,34,United States
62aa1734f3072dd8926c4168,anonymous,6/15/2022,13:30,Other (Please Specify):Power Bi Developer,Yes,41k-65k,Finance,Other:DAX,7,10,Female,32,Other (Please Specify):Poland
62aa21e218134ddc75d8be11,anonymous,6/15/2022,14:16,Student/Looking/None,No,0-40k,Construction,R,2,2,Male,24,United States
62aa29852e54c9003e5d50b5,anonymous,6/15/2022,14:48,Data Engineer,Yes,0-40k,Tech,Python,7,3,Male,26,Other (Please Specify):Argentine
62aa2f44bc6861bf3180fd06,anonymous,6/15/2022,15:13,Data Analyst,Yes,41k-65k,Telecommunication,Other:Sql,4,7,Female,32,Other (Please Specify):Sweden
62aa3454bae91e4b8b8d3249,anonymous,6/15/2022,15:34,Data Scientist,No,41k-65k,Tech,R,5,1,Male,40,Other (Please Specify):Portugal
62aa34e8f3072dd8926c7d56,anonymous,6/15/2022,15:37,Data Analyst,No,0-40k,Other (Please Specify):Direct Marketing,Python,0,7,Male,27,United States
62aa356ff8d5efcc22020832,anonymous,6/15/2022,15:39,Data Analyst,Yes,66k-85k,Tech,R,4,3,Male,28,United States
62aa3e6824a26260274264da,anonymous,6/15/2022,16:17,Data Analyst,Yes,0-40k,Other (Please Specify):FMCG,Python,1,9,Male,30,Other (Please Specify):Nigeria
62aa4790f8d5efcc2202266e,anonymous,6/15/2022,16:56,Data Analyst,Yes,0-40k,Other (Please Specify):Taking bootcamp,Python,0,6,Male,37,United States
62aa5761bc6861bf318141fc,anonymous,6/15/2022,18:04,Other (Please Specify):Software support,No,41k-65k,Tech,JavaScript,7,7,Male,32,Other (Please Specify):Australia
62aa5c11f408bae018f7dec0,anonymous,6/15/2022,18:24,Data Analyst,Yes,41k-65k,Tech,Python,9,7,Male,24,Other (Please Specify):Saudi Arabia 
62aa956ef8d5efcc22028e3d,anonymous,6/15/2022,22:29,Data Analyst,Yes,0-40k,Tech,Python,6,7,Male,39,Other (Please Specify):Argentina
62aa95970a77c1a77f709268,anonymous,6/15/2022,22:29,Data Analyst,Yes,125k-150k,Finance,Python,6,8,Male,34,Other (Please Specify):Australia
62aa98bfcf255543173adbdc,anonymous,6/15/2022,22:43,Data Analyst,No,41k-65k,Other (Please Specify):Space & Defense,Python,5,6,Male,27,United States
62aaa387f8d5efcc22029fcb,anonymous,6/15/2022,23:29,Data Analyst,Yes,66k-85k,Healthcare,Other:SQL ,7,7,Male,54,United States
62aaa86bbae91e4b8b8dc832,anonymous,6/15/2022,23:50,Student/Looking/None,No,0-40k,Tech,Python,0,,Female,20,India
62aacd922e54c9003e5e33c2,anonymous,6/16/2022,2:28,Student/Looking/None,Yes,0-40k,Finance,Other:SQL,3,3,Male,25,India
62aaeecd0f8c8599d5ba6923,anonymous,6/16/2022,4:50,Student/Looking/None,No,0-40k,Tech,Python,7,7,Male,33,India
62aaf8397dc029e2d6773cde,anonymous,6/16/2022,5:30,Data Analyst,Yes,41k-65k,Tech,Python,4,8,Male,30,United Kingdom
62aaff342e54c9003e5e79b8,anonymous,6/16/2022,6:00,Student/Looking/None,Yes,0-40k,Tech,Python,0,4,Male,31,Other (Please Specify):Niger
62ab0bdc575fa3a5ae9413e5,anonymous,6/16/2022,6:54,Student/Looking/None,Yes,0-40k,Other (Please Specify):Automobile (cars),Python,5,6,Male,22,Other (Please Specify):France
62ab1cb0cec54911e9d5d187,anonymous,6/16/2022,8:06,Data Analyst,Yes,66k-85k,Tech,R,8,10,Female,38,United States
62ab3e62bae91e4b8b8ebe14,anonymous,6/16/2022,10:29,Data Analyst,No,0-40k,Other (Please Specify):Logistics,Python,6,9,Male,22,Other (Please Specify):Malaysia
62ab6ab318134ddc75dabb09,anonymous,6/16/2022,13:38,Data Scientist,Yes,0-40k,Real Estate,Python,2,3,Male,33,India
62ab83a7d8c00e9f54263d2e,anonymous,6/16/2022,15:25,Data Analyst,Yes,41k-65k,Tech,Python,3,6,Male,27,Canada
62ab8bf65d257a28a319e9cb,anonymous,6/16/2022,16:00,Data Analyst,No,0-40k,Tech,R,0,6,Male,19,Other (Please Specify):Algeria
62abec6cf3072dd8926f2ad0,anonymous,6/16/2022,22:52,Other (Please Specify):Investigation specialist,No,0-40k,Other (Please Specify):Ecommerce,Python,1,6,Male,24,India
62abee280f8c8599d5bc246d,anonymous,6/16/2022,22:59,Other (Please Specify):Director,No,150k-225k,Finance,Other:I do analysis and create presentations based on datasets provided by others,8,10,Female,58,United States
62acc1f0cf255543173e59f7,anonymous,6/17/2022,14:03,Data Analyst,No,0-40k,Tech,Python,2,2,Male,22,Other (Please Specify):Nigeria 
62ace61d575fa3a5ae972d57,anonymous,6/17/2022,16:37,Data Analyst,No,86k-105k,Tech,Python,4,4,Male,26,Other (Please Specify):Ireland
62acf0890f8c8599d5bdce87,anonymous,6/17/2022,17:22,Other (Please Specify):Data Manager,No,41k-65k,Tech,Other,4,5,Female,31,United Kingdom
62ad591424a2626027471080,anonymous,6/18/2022,0:48,Data Analyst,No,41k-65k,Agriculture,Python,2,2,Male,23,United States
62ade22318134ddc75de385f,anonymous,6/18/2022,10:33,Data Analyst,No,86k-105k,Healthcare,Python,7,10,Female,31,United States
62adf26f18134ddc75de4bb4,anonymous,6/18/2022,11:42,Student/Looking/None,No,66k-85k,Construction,Other,5,5,Female,24,United States
62ae680024a2626027483ebc,anonymous,6/18/2022,20:04,Other (Please Specify):Analytics Engineer,Yes,41k-65k,Finance,Python,8,10,Male,29,Other (Please Specify):Mexico
62aee103f8f756164595adb8,anonymous,6/19/2022,4:40,Student/Looking/None,Yes,0-40k,Education,Python,7,8,Male,26,Other (Please Specify):Indonesia
62af07be7dc029e2d67cc3c8,anonymous,6/19/2022,7:25,Student/Looking/None,Yes,0-40k,"Other (Please Specify):Interning in Sciences, Weather and Meteorological data",Python,3,9,Male,20,India
62af10295d257a28a31e6ff8,anonymous,6/19/2022,8:01,Data Analyst,Yes,0-40k,Education,Python,0,2,Male,23,India
62af387018134ddc75df894e,anonymous,6/19/2022,10:53,Data Analyst,No,106k-125k,Tech,Python,8,8,Male,33,United States
62af49025d257a28a31eb2f1,anonymous,6/19/2022,12:04,Student/Looking/None,Yes,0-40k,Tech,Python,2,3,Male,26,Other (Please Specify):Nigeria
62af53ce0f8c8599d5c04934,anonymous,6/19/2022,12:50,Data Analyst,Yes,0-40k,Other (Please Specify):Consulting,R,3,9,Male,27,India
62af6371f8d5efcc2208e923,anonymous,6/19/2022,13:57,Student/Looking/None,No,0-40k,Agriculture,Other:sql,0,8,Male,22,Other (Please Specify):uzb
62af9ed7f3072dd892739279,anonymous,6/19/2022,18:10,Data Analyst,Yes,0-40k,Tech,Python,3,9,Male,23,Other (Please Specify):Spain
62b152960f8c8599d5c31550,anonymous,6/21/2022,1:09,Other (Please Specify):SAP Security Analyst,Yes,0-40k,Other (Please Specify):Beverage and foods,Python,3,6,Male,28,Other (Please Specify):Mexico
62b16a5c5d257a28a321a74c,anonymous,6/21/2022,2:51,Data Analyst,No,41k-65k,Finance,Other:SQL,7,5,Female,39,Other (Please Specify):Portugal
62b21d40bae91e4b8b985154,anonymous,6/21/2022,15:34,Other (Please Specify):BI Manager,No,106k-125k,Other (Please Specify):Transportation,Python,3,2,Male,37,United States
62b27004bc6861bf318c9038,anonymous,6/21/2022,21:27,Database Developer,Yes,41k-65k,Education,Other:SQL,4,7,Female,29,United States
62b2ea87f8d5efcc220e3e21,anonymous,6/22/2022,6:10,Data Analyst,Yes,106k-125k,Finance,Python,5,6,Male,42,United States
62b35284cec54911e9e1818c,anonymous,6/22/2022,13:33,Student/Looking/None,No,0-40k,Tech,R,0,0,Female,25,Canada
62b4404df31287f32e14d1c1,anonymous,6/23/2022,6:28,Database Developer,Yes,0-40k,Telecommunication,Python,5,5,Male,66,Other (Please Specify):Morocco 
62b525563f28f20328aeee5c,anonymous,6/23/2022,22:45,Data Analyst,Yes,125k-150k,Other (Please Specify):Retail,R,8,5,Male,26,United States
62b5a3e29bc428d5345f6e89,anonymous,6/24/2022,7:45,Other (Please Specify):Data Scientist Intern,No,0-40k,Other (Please Specify):Manufacturing,R,4,6,Male,21,United States
62b71083f31287f32e189026,anonymous,6/25/2022,9:41,Student/Looking/None,Yes,0-40k,Tech,Python,1,2,Male,26,Other (Please Specify):Oman
62b795033b026e423f287ecd,anonymous,6/25/2022,19:06,Data Engineer,No,0-40k,Tech,Python,6,6,Male,24,Other (Please Specify):Costa Rica
62b89039377223ff07b80fb5,anonymous,6/26/2022,12:58,Data Analyst,No,41k-65k,Other (Please Specify):Automotive,Python,8,7,Male,22,United States
